sample_idx,phase,wall_ms
0,_parse_index,0.007
1,_parse_index,0.009
2,_parse_index,0.009
3,_parse_index,0.009
4,_parse_index,0.009
5,_parse_index,0.008
6,_parse_index,0.009
7,_parse_index,0.009
8,_parse_index,0.008
9,_parse_index,0.009
10,_parse_index,0.009
11,_parse_index,0.008
12,_parse_index,0.008
13,_parse_index,0.008
14,_parse_index,0.010
15,_parse_index,0.008
16,_parse_index,0.009
17,_parse_index,0.009
18,_parse_index,0.012
19,_parse_index,0.009
20,_parse_index,0.008
21,_parse_index,0.008
22,_parse_index,0.008
23,_parse_index,0.008
24,_parse_index,0.010
25,_parse_index,0.009
26,_parse_index,0.008
27,_parse_index,0.008
28,_parse_index,0.008
29,_parse_index,0.009
30,_parse_index,0.008
31,_parse_index,0.008
32,_parse_index,0.008
33,_parse_index,0.009
34,_parse_index,0.007
35,_parse_index,0.008
36,_parse_index,0.008
37,_parse_index,0.008
38,_parse_index,0.008
39,_parse_index,0.008
40,_parse_index,0.008
41,_parse_index,0.010
42,_parse_index,0.008
43,_parse_index,0.008
44,_parse_index,0.008
45,_parse_index,0.008
46,_parse_index,0.008
47,_parse_index,0.008
48,_parse_index,0.008
49,_parse_index,0.008
50,_parse_index,0.009
51,_parse_index,0.008
52,_parse_index,0.008
53,_parse_index,0.008
54,_parse_index,0.008
55,_parse_index,0.008
56,_parse_index,0.009
57,_parse_index,0.009
58,_parse_index,0.009
59,_parse_index,0.008
60,_parse_index,0.008
61,_parse_index,0.008
62,_parse_index,0.010
63,_parse_index,0.008
64,_parse_index,0.010
65,_parse_index,0.008
66,_parse_index,0.009
67,_parse_index,0.008
68,_parse_index,0.009
69,_parse_index,0.008
70,_parse_index,0.008
71,_parse_index,0.009
72,_parse_index,0.009
73,_parse_index,0.009
74,_parse_index,0.008
75,_parse_index,0.008
76,_parse_index,0.008
77,_parse_index,0.009
78,_parse_index,0.009
79,_parse_index,0.009
80,_parse_index,0.009
81,_parse_index,0.009
82,_parse_index,0.009
83,_parse_index,0.008
84,_parse_index,0.008
85,_parse_index,0.008
86,_parse_index,0.009
87,_parse_index,0.008
88,_parse_index,0.008
89,_parse_index,0.010
90,_parse_index,0.009
91,_parse_index,0.009
92,_parse_index,0.009
93,_parse_index,0.008
94,_parse_index,0.008
95,_parse_index,0.009
96,_parse_index,0.008
97,_parse_index,0.008
98,_parse_index,0.008
99,_parse_index,0.009
0,_build_continuous_sequence,14.882
1,_build_continuous_sequence,14.755
2,_build_continuous_sequence,14.633
3,_build_continuous_sequence,14.914
4,_build_continuous_sequence,14.790
5,_build_continuous_sequence,16.066
6,_build_continuous_sequence,15.579
7,_build_continuous_sequence,14.877
8,_build_continuous_sequence,15.380
9,_build_continuous_sequence,14.797
10,_build_continuous_sequence,14.508
11,_build_continuous_sequence,15.012
12,_build_continuous_sequence,15.751
13,_build_continuous_sequence,14.889
14,_build_continuous_sequence,14.594
15,_build_continuous_sequence,14.947
16,_build_continuous_sequence,15.360
17,_build_continuous_sequence,14.988
18,_build_continuous_sequence,14.857
19,_build_continuous_sequence,14.953
20,_build_continuous_sequence,14.537
21,_build_continuous_sequence,15.550
22,_build_continuous_sequence,15.106
23,_build_continuous_sequence,16.054
24,_build_continuous_sequence,14.788
25,_build_continuous_sequence,15.604
26,_build_continuous_sequence,15.905
27,_build_continuous_sequence,15.322
28,_build_continuous_sequence,15.638
29,_build_continuous_sequence,16.051
30,_build_continuous_sequence,14.849
31,_build_continuous_sequence,14.204
32,_build_continuous_sequence,14.231
33,_build_continuous_sequence,14.703
34,_build_continuous_sequence,14.677
35,_build_continuous_sequence,14.726
36,_build_continuous_sequence,14.229
37,_build_continuous_sequence,14.124
38,_build_continuous_sequence,14.787
39,_build_continuous_sequence,14.380
40,_build_continuous_sequence,14.387
41,_build_continuous_sequence,14.807
42,_build_continuous_sequence,14.120
43,_build_continuous_sequence,14.902
44,_build_continuous_sequence,15.254
45,_build_continuous_sequence,14.538
46,_build_continuous_sequence,14.415
47,_build_continuous_sequence,14.094
48,_build_continuous_sequence,14.666
49,_build_continuous_sequence,14.367
50,_build_continuous_sequence,15.242
51,_build_continuous_sequence,13.794
52,_build_continuous_sequence,14.338
53,_build_continuous_sequence,14.158
54,_build_continuous_sequence,14.444
55,_build_continuous_sequence,14.204
56,_build_continuous_sequence,15.177
57,_build_continuous_sequence,14.903
58,_build_continuous_sequence,14.638
59,_build_continuous_sequence,14.164
60,_build_continuous_sequence,14.096
61,_build_continuous_sequence,15.081
62,_build_continuous_sequence,15.014
63,_build_continuous_sequence,14.483
64,_build_continuous_sequence,15.484
65,_build_continuous_sequence,15.162
66,_build_continuous_sequence,14.541
67,_build_continuous_sequence,14.200
68,_build_continuous_sequence,15.023
69,_build_continuous_sequence,15.024
70,_build_continuous_sequence,15.182
71,_build_continuous_sequence,14.844
72,_build_continuous_sequence,15.382
73,_build_continuous_sequence,14.915
74,_build_continuous_sequence,15.315
75,_build_continuous_sequence,14.587
76,_build_continuous_sequence,14.888
77,_build_continuous_sequence,15.516
78,_build_continuous_sequence,14.861
79,_build_continuous_sequence,14.320
80,_build_continuous_sequence,15.236
81,_build_continuous_sequence,14.811
82,_build_continuous_sequence,15.889
83,_build_continuous_sequence,14.840
84,_build_continuous_sequence,14.989
85,_build_continuous_sequence,14.323
86,_build_continuous_sequence,14.909
87,_build_continuous_sequence,14.883
88,_build_continuous_sequence,14.132
89,_build_continuous_sequence,14.551
90,_build_continuous_sequence,15.007
91,_build_continuous_sequence,14.987
92,_build_continuous_sequence,15.201
93,_build_continuous_sequence,14.585
94,_build_continuous_sequence,14.299
95,_build_continuous_sequence,15.408
96,_build_continuous_sequence,14.626
97,_build_continuous_sequence,14.345
98,_build_continuous_sequence,14.148
99,_build_continuous_sequence,15.110
0,_extract_kg_sequence,0.092
1,_extract_kg_sequence,0.080
2,_extract_kg_sequence,0.082
3,_extract_kg_sequence,0.082
4,_extract_kg_sequence,0.080
5,_extract_kg_sequence,0.092
6,_extract_kg_sequence,0.074
7,_extract_kg_sequence,0.073
8,_extract_kg_sequence,0.079
9,_extract_kg_sequence,0.080
10,_extract_kg_sequence,0.076
11,_extract_kg_sequence,0.072
12,_extract_kg_sequence,0.071
13,_extract_kg_sequence,0.079
14,_extract_kg_sequence,0.081
15,_extract_kg_sequence,0.079
16,_extract_kg_sequence,0.070
17,_extract_kg_sequence,0.082
18,_extract_kg_sequence,0.078
19,_extract_kg_sequence,0.079
20,_extract_kg_sequence,0.079
21,_extract_kg_sequence,0.079
22,_extract_kg_sequence,0.072
23,_extract_kg_sequence,0.073
24,_extract_kg_sequence,0.081
25,_extract_kg_sequence,0.070
26,_extract_kg_sequence,0.079
27,_extract_kg_sequence,0.071
28,_extract_kg_sequence,0.083
29,_extract_kg_sequence,0.094
30,_extract_kg_sequence,0.075
31,_extract_kg_sequence,0.079
32,_extract_kg_sequence,0.075
33,_extract_kg_sequence,0.070
34,_extract_kg_sequence,0.077
35,_extract_kg_sequence,0.078
36,_extract_kg_sequence,0.076
37,_extract_kg_sequence,0.077
38,_extract_kg_sequence,0.076
39,_extract_kg_sequence,0.077
40,_extract_kg_sequence,0.077
41,_extract_kg_sequence,0.076
42,_extract_kg_sequence,0.077
43,_extract_kg_sequence,0.081
44,_extract_kg_sequence,0.070
45,_extract_kg_sequence,0.081
46,_extract_kg_sequence,0.080
47,_extract_kg_sequence,0.081
48,_extract_kg_sequence,0.079
49,_extract_kg_sequence,0.079
50,_extract_kg_sequence,0.079
51,_extract_kg_sequence,0.081
52,_extract_kg_sequence,0.079
53,_extract_kg_sequence,0.080
54,_extract_kg_sequence,0.080
55,_extract_kg_sequence,0.077
56,_extract_kg_sequence,0.072
57,_extract_kg_sequence,0.083
58,_extract_kg_sequence,0.075
59,_extract_kg_sequence,0.081
60,_extract_kg_sequence,0.079
61,_extract_kg_sequence,0.072
62,_extract_kg_sequence,0.074
63,_extract_kg_sequence,0.088
64,_extract_kg_sequence,0.073
65,_extract_kg_sequence,0.074
66,_extract_kg_sequence,0.086
67,_extract_kg_sequence,0.081
68,_extract_kg_sequence,0.085
69,_extract_kg_sequence,0.087
70,_extract_kg_sequence,0.075
71,_extract_kg_sequence,0.083
72,_extract_kg_sequence,0.088
73,_extract_kg_sequence,0.077
74,_extract_kg_sequence,0.077
75,_extract_kg_sequence,0.078
76,_extract_kg_sequence,0.079
77,_extract_kg_sequence,0.073
78,_extract_kg_sequence,0.070
79,_extract_kg_sequence,0.077
80,_extract_kg_sequence,0.074
81,_extract_kg_sequence,0.082
82,_extract_kg_sequence,0.072
83,_extract_kg_sequence,0.076
84,_extract_kg_sequence,0.076
85,_extract_kg_sequence,0.079
86,_extract_kg_sequence,0.074
87,_extract_kg_sequence,0.073
88,_extract_kg_sequence,0.073
89,_extract_kg_sequence,0.078
90,_extract_kg_sequence,0.082
91,_extract_kg_sequence,0.081
92,_extract_kg_sequence,0.072
93,_extract_kg_sequence,0.078
94,_extract_kg_sequence,0.086
95,_extract_kg_sequence,0.075
96,_extract_kg_sequence,0.082
97,_extract_kg_sequence,0.073
98,_extract_kg_sequence,0.074
99,_extract_kg_sequence,0.072
0,_process_static,93.179
1,_process_static,113.060
2,_process_static,101.993
3,_process_static,72.227
4,_process_static,165.836
5,_process_static,41.844
6,_process_static,42.016
7,_process_static,32.267
8,_process_static,62.508
9,_process_static,64.432
10,_process_static,84.105
11,_process_static,34.813
12,_process_static,40.777
13,_process_static,11.474
14,_process_static,76.183
15,_process_static,133.586
16,_process_static,57.447
17,_process_static,80.514
18,_process_static,36.657
19,_process_static,124.207
20,_process_static,60.894
21,_process_static,92.314
22,_process_static,32.453
23,_process_static,35.108
24,_process_static,73.246
25,_process_static,78.974
26,_process_static,94.137
27,_process_static,25.121
28,_process_static,109.788
29,_process_static,34.196
30,_process_static,92.292
31,_process_static,70.779
32,_process_static,104.540
33,_process_static,71.496
34,_process_static,36.509
35,_process_static,12.212
36,_process_static,122.668
37,_process_static,60.179
38,_process_static,37.049
39,_process_static,92.898
40,_process_static,73.977
41,_process_static,42.975
42,_process_static,105.314
43,_process_static,112.815
44,_process_static,38.649
45,_process_static,78.174
46,_process_static,10.521
47,_process_static,122.696
48,_process_static,94.680
49,_process_static,126.318
50,_process_static,31.663
51,_process_static,61.070
52,_process_static,36.463
53,_process_static,83.802
54,_process_static,58.251
55,_process_static,113.044
56,_process_static,36.203
57,_process_static,95.370
58,_process_static,28.261
59,_process_static,54.741
60,_process_static,96.033
61,_process_static,32.468
62,_process_static,31.078
63,_process_static,68.313
64,_process_static,40.132
65,_process_static,79.499
66,_process_static,10.917
67,_process_static,10.124
68,_process_static,9.927
69,_process_static,131.216
70,_process_static,10.981
71,_process_static,11.352
72,_process_static,48.653
73,_process_static,123.815
74,_process_static,32.203
75,_process_static,56.044
76,_process_static,109.567
77,_process_static,38.395
78,_process_static,39.047
79,_process_static,110.095
80,_process_static,27.987
81,_process_static,110.418
82,_process_static,12.216
83,_process_static,13.047
84,_process_static,47.989
85,_process_static,12.770
86,_process_static,37.737
87,_process_static,34.785
88,_process_static,98.373
89,_process_static,105.154
90,_process_static,70.299
91,_process_static,79.087
92,_process_static,39.785
93,_process_static,115.966
94,_process_static,86.623
95,_process_static,44.520
96,_process_static,121.880
97,_process_static,52.002
98,_process_static,54.755
99,_process_static,34.317
0,_extract_hilda_prior,0.402
1,_extract_hilda_prior,0.295
2,_extract_hilda_prior,0.245
3,_extract_hilda_prior,0.232
4,_extract_hilda_prior,0.236
5,_extract_hilda_prior,0.258
6,_extract_hilda_prior,0.249
7,_extract_hilda_prior,0.275
8,_extract_hilda_prior,0.265
9,_extract_hilda_prior,0.253
10,_extract_hilda_prior,0.265
11,_extract_hilda_prior,0.263
12,_extract_hilda_prior,0.274
13,_extract_hilda_prior,0.249
14,_extract_hilda_prior,0.263
15,_extract_hilda_prior,0.257
16,_extract_hilda_prior,0.251
17,_extract_hilda_prior,0.289
18,_extract_hilda_prior,0.262
19,_extract_hilda_prior,0.275
20,_extract_hilda_prior,0.262
21,_extract_hilda_prior,0.268
22,_extract_hilda_prior,0.269
23,_extract_hilda_prior,0.265
24,_extract_hilda_prior,0.250
25,_extract_hilda_prior,0.259
26,_extract_hilda_prior,0.253
27,_extract_hilda_prior,0.278
28,_extract_hilda_prior,0.267
29,_extract_hilda_prior,0.277
30,_extract_hilda_prior,0.252
31,_extract_hilda_prior,0.250
32,_extract_hilda_prior,0.247
33,_extract_hilda_prior,0.243
34,_extract_hilda_prior,0.262
35,_extract_hilda_prior,0.255
36,_extract_hilda_prior,0.262
37,_extract_hilda_prior,0.259
38,_extract_hilda_prior,0.263
39,_extract_hilda_prior,0.280
40,_extract_hilda_prior,0.270
41,_extract_hilda_prior,0.276
42,_extract_hilda_prior,0.257
43,_extract_hilda_prior,0.259
44,_extract_hilda_prior,0.278
45,_extract_hilda_prior,0.259
46,_extract_hilda_prior,0.247
47,_extract_hilda_prior,0.253
48,_extract_hilda_prior,0.261
49,_extract_hilda_prior,0.274
50,_extract_hilda_prior,0.252
51,_extract_hilda_prior,0.251
52,_extract_hilda_prior,0.273
53,_extract_hilda_prior,0.259
54,_extract_hilda_prior,0.268
55,_extract_hilda_prior,0.266
56,_extract_hilda_prior,0.282
57,_extract_hilda_prior,0.269
58,_extract_hilda_prior,0.267
59,_extract_hilda_prior,0.255
60,_extract_hilda_prior,0.284
61,_extract_hilda_prior,0.269
62,_extract_hilda_prior,0.288
63,_extract_hilda_prior,0.277
64,_extract_hilda_prior,0.280
65,_extract_hilda_prior,0.263
66,_extract_hilda_prior,0.275
67,_extract_hilda_prior,0.259
68,_extract_hilda_prior,0.295
69,_extract_hilda_prior,0.259
70,_extract_hilda_prior,0.296
71,_extract_hilda_prior,0.265
72,_extract_hilda_prior,0.259
73,_extract_hilda_prior,0.272
74,_extract_hilda_prior,0.287
75,_extract_hilda_prior,0.250
76,_extract_hilda_prior,0.271
77,_extract_hilda_prior,0.276
78,_extract_hilda_prior,0.274
79,_extract_hilda_prior,0.282
80,_extract_hilda_prior,0.265
81,_extract_hilda_prior,0.275
82,_extract_hilda_prior,0.271
83,_extract_hilda_prior,0.253
84,_extract_hilda_prior,0.268
85,_extract_hilda_prior,0.258
86,_extract_hilda_prior,0.262
87,_extract_hilda_prior,0.286
88,_extract_hilda_prior,0.255
89,_extract_hilda_prior,0.265
90,_extract_hilda_prior,0.277
91,_extract_hilda_prior,0.272
92,_extract_hilda_prior,0.260
93,_extract_hilda_prior,0.278
94,_extract_hilda_prior,0.259
95,_extract_hilda_prior,0.257
96,_extract_hilda_prior,0.281
97,_extract_hilda_prior,0.249
98,_extract_hilda_prior,0.256
99,_extract_hilda_prior,0.261
0,_extract_hilda_target,0.409
1,_extract_hilda_target,0.406
2,_extract_hilda_target,0.397
3,_extract_hilda_target,0.388
4,_extract_hilda_target,0.392
5,_extract_hilda_target,0.450
6,_extract_hilda_target,0.409
7,_extract_hilda_target,0.433
8,_extract_hilda_target,0.375
9,_extract_hilda_target,0.365
10,_extract_hilda_target,0.383
11,_extract_hilda_target,0.400
12,_extract_hilda_target,0.406
13,_extract_hilda_target,0.364
14,_extract_hilda_target,0.377
15,_extract_hilda_target,0.372
16,_extract_hilda_target,0.363
17,_extract_hilda_target,0.392
18,_extract_hilda_target,0.403
19,_extract_hilda_target,0.392
20,_extract_hilda_target,0.382
21,_extract_hilda_target,0.370
22,_extract_hilda_target,0.424
23,_extract_hilda_target,0.403
24,_extract_hilda_target,0.367
25,_extract_hilda_target,0.369
26,_extract_hilda_target,0.376
27,_extract_hilda_target,0.408
28,_extract_hilda_target,0.379
29,_extract_hilda_target,0.394
30,_extract_hilda_target,0.374
31,_extract_hilda_target,0.373
32,_extract_hilda_target,0.372
33,_extract_hilda_target,0.344
34,_extract_hilda_target,0.379
35,_extract_hilda_target,0.348
36,_extract_hilda_target,0.358
37,_extract_hilda_target,0.368
38,_extract_hilda_target,0.432
39,_extract_hilda_target,0.365
40,_extract_hilda_target,0.371
41,_extract_hilda_target,0.396
42,_extract_hilda_target,0.362
43,_extract_hilda_target,0.419
44,_extract_hilda_target,0.437
45,_extract_hilda_target,0.412
46,_extract_hilda_target,0.352
47,_extract_hilda_target,0.382
48,_extract_hilda_target,0.407
49,_extract_hilda_target,0.439
50,_extract_hilda_target,0.430
51,_extract_hilda_target,0.370
52,_extract_hilda_target,0.404
53,_extract_hilda_target,0.376
54,_extract_hilda_target,0.396
55,_extract_hilda_target,0.371
56,_extract_hilda_target,0.433
57,_extract_hilda_target,0.415
58,_extract_hilda_target,0.445
59,_extract_hilda_target,0.359
60,_extract_hilda_target,0.364
61,_extract_hilda_target,0.401
62,_extract_hilda_target,0.453
63,_extract_hilda_target,0.393
64,_extract_hilda_target,0.404
65,_extract_hilda_target,0.387
66,_extract_hilda_target,0.385
67,_extract_hilda_target,0.370
68,_extract_hilda_target,0.457
69,_extract_hilda_target,0.385
70,_extract_hilda_target,0.417
71,_extract_hilda_target,0.381
72,_extract_hilda_target,0.402
73,_extract_hilda_target,0.418
74,_extract_hilda_target,0.417
75,_extract_hilda_target,0.369
76,_extract_hilda_target,0.401
77,_extract_hilda_target,0.455
78,_extract_hilda_target,0.402
79,_extract_hilda_target,0.437
80,_extract_hilda_target,0.414
81,_extract_hilda_target,0.429
82,_extract_hilda_target,0.428
83,_extract_hilda_target,0.377
84,_extract_hilda_target,0.381
85,_extract_hilda_target,0.382
86,_extract_hilda_target,0.401
87,_extract_hilda_target,0.453
88,_extract_hilda_target,0.393
89,_extract_hilda_target,0.402
90,_extract_hilda_target,0.403
91,_extract_hilda_target,0.377
92,_extract_hilda_target,0.395
93,_extract_hilda_target,0.436
94,_extract_hilda_target,0.380
95,_extract_hilda_target,0.387
96,_extract_hilda_target,0.407
97,_extract_hilda_target,0.354
98,_extract_hilda_target,0.372
99,_extract_hilda_target,0.424
0,_read_dynamic_isel,1.514
1,_read_dynamic_isel,1.749
2,_read_dynamic_isel,1.479
3,_read_dynamic_isel,1.371
4,_read_dynamic_isel,1.430
5,_read_dynamic_isel,2.328
6,_read_dynamic_isel,1.401
7,_read_dynamic_isel,1.337
8,_read_dynamic_isel,1.340
9,_read_dynamic_isel,1.403
10,_read_dynamic_isel,1.440
11,_read_dynamic_isel,1.389
12,_read_dynamic_isel,1.299
13,_read_dynamic_isel,1.336
14,_read_dynamic_isel,1.400
15,_read_dynamic_isel,1.447
16,_read_dynamic_isel,1.496
17,_read_dynamic_isel,1.457
18,_read_dynamic_isel,1.672
19,_read_dynamic_isel,1.544
20,_read_dynamic_isel,1.433
21,_read_dynamic_isel,1.354
22,_read_dynamic_isel,1.405
23,_read_dynamic_isel,1.469
24,_read_dynamic_isel,1.352
25,_read_dynamic_isel,1.554
26,_read_dynamic_isel,1.442
27,_read_dynamic_isel,1.429
28,_read_dynamic_isel,1.378
29,_read_dynamic_isel,1.499
30,_read_dynamic_isel,1.322
31,_read_dynamic_isel,1.486
32,_read_dynamic_isel,1.409
33,_read_dynamic_isel,1.387
34,_read_dynamic_isel,1.355
35,_read_dynamic_isel,1.362
36,_read_dynamic_isel,1.493
37,_read_dynamic_isel,1.373
38,_read_dynamic_isel,1.555
39,_read_dynamic_isel,1.487
40,_read_dynamic_isel,1.348
41,_read_dynamic_isel,1.529
42,_read_dynamic_isel,1.472
43,_read_dynamic_isel,1.494
44,_read_dynamic_isel,1.537
45,_read_dynamic_isel,1.376
46,_read_dynamic_isel,1.412
47,_read_dynamic_isel,1.334
48,_read_dynamic_isel,1.500
49,_read_dynamic_isel,1.491
50,_read_dynamic_isel,1.479
51,_read_dynamic_isel,1.315
52,_read_dynamic_isel,1.317
53,_read_dynamic_isel,1.327
54,_read_dynamic_isel,1.389
55,_read_dynamic_isel,1.388
56,_read_dynamic_isel,1.436
57,_read_dynamic_isel,1.504
58,_read_dynamic_isel,1.470
59,_read_dynamic_isel,1.401
60,_read_dynamic_isel,1.278
61,_read_dynamic_isel,1.405
62,_read_dynamic_isel,1.328
63,_read_dynamic_isel,1.309
64,_read_dynamic_isel,1.542
65,_read_dynamic_isel,1.334
66,_read_dynamic_isel,1.329
67,_read_dynamic_isel,1.355
68,_read_dynamic_isel,1.425
69,_read_dynamic_isel,1.390
70,_read_dynamic_isel,1.355
71,_read_dynamic_isel,1.330
72,_read_dynamic_isel,1.430
73,_read_dynamic_isel,1.343
74,_read_dynamic_isel,1.470
75,_read_dynamic_isel,1.306
76,_read_dynamic_isel,1.396
77,_read_dynamic_isel,1.583
78,_read_dynamic_isel,1.414
79,_read_dynamic_isel,1.487
80,_read_dynamic_isel,1.437
81,_read_dynamic_isel,1.405
82,_read_dynamic_isel,1.610
83,_read_dynamic_isel,1.317
84,_read_dynamic_isel,1.360
85,_read_dynamic_isel,1.549
86,_read_dynamic_isel,1.397
87,_read_dynamic_isel,1.451
88,_read_dynamic_isel,1.308
89,_read_dynamic_isel,1.367
90,_read_dynamic_isel,1.466
91,_read_dynamic_isel,1.480
92,_read_dynamic_isel,1.363
93,_read_dynamic_isel,1.468
94,_read_dynamic_isel,1.394
95,_read_dynamic_isel,1.537
96,_read_dynamic_isel,1.400
97,_read_dynamic_isel,1.479
98,_read_dynamic_isel,1.382
99,_read_dynamic_isel,1.384
0,_read_dynamic_to_numpy,2958.699
1,_read_dynamic_to_numpy,189.761
2,_read_dynamic_to_numpy,95.546
3,_read_dynamic_to_numpy,138.347
4,_read_dynamic_to_numpy,126.300
5,_read_dynamic_to_numpy,84.579
6,_read_dynamic_to_numpy,63.026
7,_read_dynamic_to_numpy,78.074
8,_read_dynamic_to_numpy,100.420
9,_read_dynamic_to_numpy,173.226
10,_read_dynamic_to_numpy,80.506
11,_read_dynamic_to_numpy,69.899
12,_read_dynamic_to_numpy,66.716
13,_read_dynamic_to_numpy,176.568
14,_read_dynamic_to_numpy,109.771
15,_read_dynamic_to_numpy,121.059
16,_read_dynamic_to_numpy,87.297
17,_read_dynamic_to_numpy,166.264
18,_read_dynamic_to_numpy,70.362
19,_read_dynamic_to_numpy,148.503
20,_read_dynamic_to_numpy,70.618
21,_read_dynamic_to_numpy,176.844
22,_read_dynamic_to_numpy,65.347
23,_read_dynamic_to_numpy,76.701
24,_read_dynamic_to_numpy,104.534
25,_read_dynamic_to_numpy,131.317
26,_read_dynamic_to_numpy,128.378
27,_read_dynamic_to_numpy,66.971
28,_read_dynamic_to_numpy,169.820
29,_read_dynamic_to_numpy,69.300
30,_read_dynamic_to_numpy,135.692
31,_read_dynamic_to_numpy,77.638
32,_read_dynamic_to_numpy,91.341
33,_read_dynamic_to_numpy,66.818
34,_read_dynamic_to_numpy,62.216
35,_read_dynamic_to_numpy,137.021
36,_read_dynamic_to_numpy,90.166
37,_read_dynamic_to_numpy,130.721
38,_read_dynamic_to_numpy,67.228
39,_read_dynamic_to_numpy,163.119
40,_read_dynamic_to_numpy,74.831
41,_read_dynamic_to_numpy,66.982
42,_read_dynamic_to_numpy,75.324
43,_read_dynamic_to_numpy,171.957
44,_read_dynamic_to_numpy,66.173
45,_read_dynamic_to_numpy,255.219
46,_read_dynamic_to_numpy,124.883
47,_read_dynamic_to_numpy,85.277
48,_read_dynamic_to_numpy,136.169
49,_read_dynamic_to_numpy,119.799
50,_read_dynamic_to_numpy,68.859
51,_read_dynamic_to_numpy,103.828
52,_read_dynamic_to_numpy,58.771
53,_read_dynamic_to_numpy,161.319
54,_read_dynamic_to_numpy,96.190
55,_read_dynamic_to_numpy,130.629
56,_read_dynamic_to_numpy,70.603
57,_read_dynamic_to_numpy,161.850
58,_read_dynamic_to_numpy,60.496
59,_read_dynamic_to_numpy,90.691
60,_read_dynamic_to_numpy,127.589
61,_read_dynamic_to_numpy,68.562
62,_read_dynamic_to_numpy,58.563
63,_read_dynamic_to_numpy,121.135
64,_read_dynamic_to_numpy,68.282
65,_read_dynamic_to_numpy,83.701
66,_read_dynamic_to_numpy,66.334
67,_read_dynamic_to_numpy,176.227
68,_read_dynamic_to_numpy,62.279
69,_read_dynamic_to_numpy,187.998
70,_read_dynamic_to_numpy,55.534
71,_read_dynamic_to_numpy,150.775
72,_read_dynamic_to_numpy,73.879
73,_read_dynamic_to_numpy,123.249
74,_read_dynamic_to_numpy,71.727
75,_read_dynamic_to_numpy,59.796
76,_read_dynamic_to_numpy,141.585
77,_read_dynamic_to_numpy,95.517
78,_read_dynamic_to_numpy,78.491
79,_read_dynamic_to_numpy,122.261
80,_read_dynamic_to_numpy,61.132
81,_read_dynamic_to_numpy,97.428
82,_read_dynamic_to_numpy,70.441
83,_read_dynamic_to_numpy,104.463
84,_read_dynamic_to_numpy,98.613
85,_read_dynamic_to_numpy,82.173
86,_read_dynamic_to_numpy,61.880
87,_read_dynamic_to_numpy,61.138
88,_read_dynamic_to_numpy,69.597
89,_read_dynamic_to_numpy,145.479
90,_read_dynamic_to_numpy,204.159
91,_read_dynamic_to_numpy,167.809
92,_read_dynamic_to_numpy,59.230
93,_read_dynamic_to_numpy,113.655
94,_read_dynamic_to_numpy,87.454
95,_read_dynamic_to_numpy,82.769
96,_read_dynamic_to_numpy,132.999
97,_read_dynamic_to_numpy,71.956
98,_read_dynamic_to_numpy,61.477
99,_read_dynamic_to_numpy,57.251
0,__getitem__,3070.259
1,__getitem__,320.999
2,__getitem__,215.225
3,__getitem__,228.443
4,__getitem__,309.930
5,__getitem__,146.486
6,__getitem__,123.591
7,__getitem__,128.129
8,__getitem__,181.219
9,__getitem__,255.413
10,__getitem__,182.125
11,__getitem__,122.664
12,__getitem__,126.086
13,__getitem__,205.809
14,__getitem__,203.501
15,__getitem__,272.620
16,__getitem__,163.148
17,__getitem__,264.843
18,__getitem__,125.140
19,__getitem__,290.859
20,__getitem__,149.042
21,__getitem__,287.626
22,__getitem__,115.882
23,__getitem__,130.925
24,__getitem__,195.453
25,__getitem__,229.032
26,__getitem__,241.420
27,__getitem__,110.415
28,__getitem__,298.208
29,__getitem__,122.643
30,__getitem__,245.703
31,__getitem__,165.636
32,__getitem__,213.058
33,__getitem__,155.836
34,__getitem__,116.252
35,__getitem__,166.817
36,__getitem__,230.102
37,__getitem__,207.947
38,__getitem__,122.172
39,__getitem__,273.447
40,__getitem__,166.079
41,__getitem__,127.841
42,__getitem__,197.761
43,__getitem__,302.775
44,__getitem__,123.218
45,__getitem__,350.935
46,__getitem__,152.741
47,__getitem__,224.950
48,__getitem__,248.594
49,__getitem__,263.644
50,__getitem__,118.829
51,__getitem__,181.508
52,__getitem__,112.443
53,__getitem__,262.163
54,__getitem__,171.886
55,__getitem__,260.827
56,__getitem__,125.028
57,__getitem__,275.289
58,__getitem__,106.482
59,__getitem__,162.483
60,__getitem__,240.554
61,__getitem__,119.091
62,__getitem__,107.599
63,__getitem__,206.836
64,__getitem__,127.003
65,__getitem__,181.271
66,__getitem__,94.696
67,__getitem__,203.424
68,__getitem__,90.321
69,__getitem__,337.183
70,__getitem__,84.660
71,__getitem__,179.868
72,__getitem__,140.883
73,__getitem__,264.958
74,__getitem__,122.327
75,__getitem__,133.251
76,__getitem__,269.043
77,__getitem__,152.680
78,__getitem__,135.373
79,__getitem__,249.874
80,__getitem__,107.363
81,__getitem__,225.729
82,__getitem__,101.764
83,__getitem__,135.204
84,__getitem__,164.500
85,__getitem__,112.366
86,__getitem__,117.434
87,__getitem__,113.841
88,__getitem__,184.961
89,__getitem__,268.140
90,__getitem__,292.560
91,__getitem__,264.897
92,__getitem__,117.110
93,__getitem__,247.314
94,__getitem__,191.326
95,__getitem__,145.773
96,__getitem__,272.533
97,__getitem__,141.258
98,__getitem__,133.261
99,__getitem__,109.600
