phase,dataset,num_workers,idx,wall_ms
phase1,single,-1,0,1952.92
phase1,single,-1,1,1259.92
phase1,single,-1,2,3407.48
phase1,single,-1,3,1252.59
phase1,single,-1,4,1598.03
phase1,single,-1,5,1222.86
phase1,single,-1,6,1243.38
phase1,single,-1,7,1369.13
phase1,single,-1,8,1326.58
phase1,single,-1,9,1160.01
phase1,single,-1,10,1309.81
phase1,single,-1,11,1383.36
phase1,single,-1,12,1253.58
phase1,single,-1,13,1202.47
phase1,single,-1,14,1183.15
phase1,single,-1,15,1250.97
phase1,single,-1,16,1251.68
phase1,single,-1,17,1188.22
phase1,single,-1,18,5329.91
phase1,single,-1,19,1213.69
phase1,single,-1,20,1236.03
phase1,single,-1,21,1216.92
phase1,single,-1,22,1318.25
phase1,single,-1,23,1318.46
phase1,single,-1,24,1190.05
phase1,single,-1,25,1197.99
phase1,single,-1,26,1232.51
phase1,single,-1,27,1148.36
phase1,single,-1,28,1221.90
phase1,single,-1,29,1178.78
phase1,single,-1,30,1373.34
phase1,single,-1,31,1326.87
phase1,single,-1,32,1255.47
phase1,single,-1,33,1287.42
phase1,single,-1,34,1503.28
phase1,single,-1,35,1091.21
phase1,single,-1,36,1403.83
phase1,single,-1,37,1332.98
phase1,single,-1,38,1166.98
phase1,single,-1,39,1245.16
phase1,single,-1,40,1240.89
phase1,single,-1,41,1220.56
phase1,single,-1,42,1336.19
phase1,single,-1,43,1317.73
phase1,single,-1,44,1272.93
phase1,single,-1,45,1192.92
phase1,single,-1,46,1259.70
phase1,single,-1,47,1249.87
phase1,single,-1,48,1302.28
phase1,single,-1,49,1570.28
phase1,merged,-1,0,172.71
phase1,merged,-1,1,153.83
phase1,merged,-1,2,152.52
phase1,merged,-1,3,145.31
phase1,merged,-1,4,115.75
phase1,merged,-1,5,138.76
phase1,merged,-1,6,98.41
phase1,merged,-1,7,120.56
phase1,merged,-1,8,126.02
phase1,merged,-1,9,121.22
phase1,merged,-1,10,112.19
phase1,merged,-1,11,133.13
phase1,merged,-1,12,184.42
phase1,merged,-1,13,115.62
phase1,merged,-1,14,112.92
phase1,merged,-1,15,191.32
phase1,merged,-1,16,152.59
phase1,merged,-1,17,167.86
phase1,merged,-1,18,212.19
phase1,merged,-1,19,105.37
phase1,merged,-1,20,127.04
phase1,merged,-1,21,185.68
phase1,merged,-1,22,144.17
phase1,merged,-1,23,197.19
phase1,merged,-1,24,120.48
phase1,merged,-1,25,207.67
phase1,merged,-1,26,182.58
phase1,merged,-1,27,102.32
phase1,merged,-1,28,118.50
phase1,merged,-1,29,103.21
phase1,merged,-1,30,258.86
phase1,merged,-1,31,199.67
phase1,merged,-1,32,132.06
phase1,merged,-1,33,178.76
phase1,merged,-1,34,105.34
phase1,merged,-1,35,66.80
phase1,merged,-1,36,183.19
phase1,merged,-1,37,2947.00
phase1,merged,-1,38,151.97
phase1,merged,-1,39,149.93
phase1,merged,-1,40,102.74
phase1,merged,-1,41,172.83
phase1,merged,-1,42,116.79
phase1,merged,-1,43,113.00
phase1,merged,-1,44,154.40
phase1,merged,-1,45,146.00
phase1,merged,-1,46,122.17
phase1,merged,-1,47,133.40
phase1,merged,-1,48,138.96
phase1,merged,-1,49,159.08
phase2,single,0,0,10777.13
phase2,single,0,1,11170.62
phase2,single,0,2,10395.26
phase2,single,0,3,9967.49
phase2,single,0,4,10717.65
phase2,single,0,5,13381.87
phase2,single,0,6,13130.30
phase2,single,0,7,10901.39
phase2,single,0,8,10165.20
phase2,single,0,9,10796.14
phase2,single,0,10,9910.53
phase2,single,0,11,10326.92
phase2,single,0,12,10108.50
phase2,single,0,13,9858.56
phase2,single,0,14,20524.13
phase2,single,0,15,10228.85
phase2,single,0,16,10232.09
phase2,single,0,17,10466.44
phase2,single,0,18,9869.30
phase2,single,0,19,10461.03
phase2,single,0,20,10361.06
phase2,single,0,21,11632.61
phase2,single,0,22,9919.22
phase2,single,0,23,10824.98
phase2,single,0,24,10041.35
phase2,single,0,25,12271.78
phase2,single,0,26,11876.12
phase2,single,0,27,15559.76
phase2,merged,0,0,13776.87
phase2,merged,0,1,1144.68
phase2,merged,0,2,965.50
phase2,merged,0,3,1044.82
phase2,merged,0,4,21843.71
phase2,merged,0,5,4915.50
phase2,merged,0,6,1116.00
phase2,merged,0,7,4497.49
phase2,merged,0,8,2538.65
phase2,merged,0,9,977.94
phase2,merged,0,10,918.89
phase2,merged,0,11,966.26
phase2,merged,0,12,8811.82
phase2,merged,0,13,1444.31
phase2,merged,0,14,2087.54
phase2,merged,0,15,1435.87
phase2,merged,0,16,1270.47
phase2,merged,0,17,1213.30
phase2,merged,0,18,959.46
phase2,merged,0,19,949.63
phase2,merged,0,20,1085.10
phase2,merged,0,21,1046.35
phase2,merged,0,22,1024.18
phase2,merged,0,23,1111.67
phase2,merged,0,24,1249.44
phase2,merged,0,25,1206.51
phase2,merged,0,26,1708.96
phase2,merged,0,27,2331.03
phase2,merged,0,28,1524.86
phase2,merged,0,29,1075.11
phase2,merged,0,30,1233.50
phase2,merged,0,31,3218.81
phase2,merged,0,32,9350.68
phase2,merged,0,33,918.98
phase2,merged,0,34,1058.47
phase2,merged,0,35,1178.69
phase2,merged,0,36,1458.80
phase2,merged,0,37,1129.09
phase2,merged,0,38,1057.44
phase2,merged,0,39,8158.98
phase2,merged,0,40,1351.10
phase2,merged,0,41,1160.87
phase2,merged,0,42,1576.98
phase2,merged,0,43,1145.85
phase2,merged,0,44,1182.63
phase2,merged,0,45,13167.44
phase2,merged,0,46,1434.53
phase2,merged,0,47,1102.31
phase2,merged,0,48,2841.71
phase2,merged,0,49,5021.83
phase2,merged,0,50,5270.75
phase2,merged,0,51,3470.38
phase2,merged,0,52,993.60
phase2,merged,0,53,2916.07
phase2,merged,0,54,1084.92
phase2,merged,0,55,1047.53
phase2,merged,0,56,1061.24
phase2,merged,0,57,953.72
phase2,merged,0,58,1290.63
phase2,merged,0,59,997.60
phase2,merged,0,60,5270.98
phase2,merged,0,61,886.94
phase2,merged,0,62,1361.95
phase2,merged,0,63,1243.89
phase2,merged,0,64,1057.22
phase2,merged,0,65,2760.06
phase2,merged,0,66,1171.99
phase2,merged,0,67,1116.93
phase2,merged,0,68,866.38
phase2,merged,0,69,752.81
phase2,merged,0,70,2988.52
phase2,merged,0,71,1140.80
phase2,merged,0,72,1221.46
phase2,merged,0,73,1053.58
phase2,merged,0,74,1236.38
phase2,merged,0,75,2982.10
phase2,merged,0,76,1039.60
phase2,merged,0,77,1249.32
phase2,merged,0,78,2899.48
phase2,merged,0,79,964.76
phase2,single,1,0,9877.80
phase2,single,1,1,10391.51
phase2,single,1,2,9302.20
phase2,single,1,3,11989.93
phase2,single,1,4,11758.92
phase2,single,1,5,10150.74
phase2,single,1,6,9459.69
phase2,single,1,7,13392.03
phase2,single,1,8,9585.99
phase2,single,1,9,10439.74
phase2,single,1,10,9773.44
phase2,single,1,11,9648.84
phase2,single,1,12,11892.07
phase2,single,1,13,11541.97
phase2,single,1,14,10250.23
phase2,single,1,15,9409.44
phase2,single,1,16,9913.59
phase2,single,1,17,9736.66
phase2,single,1,18,9328.32
phase2,single,1,19,11657.42
phase2,single,1,20,9704.22
phase2,single,1,21,9798.21
phase2,single,1,22,11629.85
phase2,single,1,23,10949.96
phase2,single,1,24,12058.97
phase2,single,1,25,9529.04
phase2,single,1,26,12442.78
phase2,single,1,27,9430.88
phase2,single,1,28,10681.52
phase2,single,1,29,10735.73
phase2,single,1,30,11058.47
phase2,single,1,31,13415.75
phase2,single,1,32,11697.25
phase2,single,1,33,10110.43
phase2,single,1,34,13317.15
phase2,single,1,35,10317.86
phase2,single,1,36,11102.42
phase2,single,1,37,11173.20
phase2,single,1,38,10145.11
phase2,single,1,39,11034.78
phase2,single,1,40,10731.35
phase2,single,1,41,10451.20
phase2,single,1,42,10457.74
phase2,single,1,43,10793.81
phase2,single,1,44,10384.61
phase2,single,1,45,11370.49
phase2,single,1,46,11809.12
phase2,single,1,47,12882.04
phase2,single,1,48,10991.15
phase2,single,1,49,10594.19
phase2,single,1,50,12550.80
phase2,single,1,51,13167.72
phase2,single,1,52,10481.85
phase2,single,1,53,11031.79
phase2,single,1,54,13548.53
phase2,single,1,55,10326.88
phase2,single,1,56,22584.31
phase2,single,1,57,12177.56
phase2,single,1,58,13039.90
phase2,single,1,59,10357.47
phase2,single,1,60,13448.26
phase2,single,1,61,9700.55
phase2,single,1,62,18108.75
phase2,single,1,63,12281.41
phase2,single,1,64,19855.36
phase2,merged,1,0,3718.01
phase2,merged,1,1,5818.90
phase2,merged,1,2,996.28
phase2,merged,1,3,1040.08
phase2,merged,1,4,7232.94
phase2,merged,1,5,3254.44
phase2,merged,1,6,1057.03
phase2,merged,1,7,1426.61
phase2,merged,1,8,1264.51
phase2,merged,1,9,5234.60
phase2,merged,1,10,999.95
phase2,merged,1,11,1035.04
phase2,merged,1,12,1155.54
phase2,merged,1,13,1066.09
phase2,merged,1,14,1116.62
phase2,merged,1,15,988.36
phase2,merged,1,16,1041.94
phase2,merged,1,17,1084.10
phase2,merged,1,18,799.21
phase2,merged,1,19,1063.72
phase2,merged,1,20,3083.53
phase2,merged,1,21,971.15
phase2,merged,1,22,1289.94
phase2,merged,1,23,1022.81
phase2,merged,1,24,4361.83
phase2,merged,1,25,909.88
phase2,merged,1,26,1495.63
phase2,merged,1,27,909.14
phase2,merged,1,28,3830.36
phase2,merged,1,29,916.93
phase2,merged,1,30,897.55
phase2,merged,1,31,1120.14
phase2,merged,1,32,1001.60
phase2,merged,1,33,834.51
phase2,merged,1,34,880.22
phase2,merged,1,35,859.37
phase2,merged,1,36,1145.53
phase2,merged,1,37,1365.05
phase2,merged,1,38,2106.29
phase2,merged,1,39,1137.71
phase2,merged,1,40,1347.63
phase2,merged,1,41,1051.51
phase2,merged,1,42,4037.24
phase2,merged,1,43,986.43
phase2,merged,1,44,2007.31
phase2,merged,1,45,1379.43
phase2,merged,1,46,983.72
phase2,merged,1,47,881.02
phase2,merged,1,48,1155.25
phase2,merged,1,49,3394.46
phase2,merged,1,50,2271.11
phase2,merged,1,51,2060.85
phase2,merged,1,52,934.02
phase2,merged,1,53,795.31
phase2,merged,1,54,939.01
phase2,merged,1,55,818.04
phase2,merged,1,56,919.70
phase2,merged,1,57,780.21
phase2,merged,1,58,867.00
phase2,merged,1,59,1048.03
phase2,merged,1,60,811.84
phase2,merged,1,61,717.86
phase2,merged,1,62,950.23
phase2,merged,1,63,731.77
phase2,merged,1,64,852.72
phase2,merged,1,65,936.44
phase2,merged,1,66,928.31
phase2,merged,1,67,1100.28
phase2,merged,1,68,987.99
phase2,merged,1,69,968.53
phase2,merged,1,70,898.27
phase2,merged,1,71,1091.28
phase2,merged,1,72,18583.51
phase2,merged,1,73,2065.07
phase2,merged,1,74,844.81
phase2,merged,1,75,1032.82
phase2,merged,1,76,9191.76
phase2,merged,1,77,18840.91
phase2,merged,1,78,1151.04
phase2,merged,1,79,970.35
phase2,single,4,0,10366.79
phase2,single,4,1,773.70
phase2,single,4,2,0.08
phase2,single,4,3,0.15
phase2,single,4,4,9618.06
phase2,single,4,5,906.55
phase2,single,4,6,0.17
phase2,single,4,7,0.11
phase2,single,4,8,8922.94
phase2,single,4,9,1754.45
phase2,single,4,10,0.14
phase2,single,4,11,0.10
phase2,single,4,12,10856.72
phase2,single,4,13,993.73
phase2,single,4,14,0.17
phase2,single,4,15,0.10
phase2,single,4,16,27209.78
phase2,single,4,17,0.17
phase2,single,4,18,0.03
phase2,single,4,19,0.02
phase2,single,4,20,10095.39
phase2,single,4,21,0.23
phase2,single,4,22,0.03
phase2,single,4,23,0.14
phase2,single,4,24,17135.55
phase2,single,4,25,0.14
phase2,single,4,26,0.10
phase2,single,4,27,0.10
phase2,single,4,28,23628.15
phase2,single,4,29,0.24
phase2,single,4,30,0.03
phase2,single,4,31,0.03
phase2,single,4,32,13907.22
phase2,single,4,33,0.15
phase2,single,4,34,0.12
phase2,single,4,35,0.12
phase2,single,4,36,28716.72
phase2,single,4,37,0.17
phase2,single,4,38,0.31
phase2,single,4,39,0.07
phase2,single,4,40,9834.59
phase2,single,4,41,0.21
phase2,single,4,42,0.08
phase2,single,4,43,0.02
phase2,single,4,44,10244.55
phase2,single,4,45,0.16
phase2,single,4,46,0.03
phase2,single,4,47,0.16
phase2,single,4,48,10347.04
phase2,single,4,49,0.22
phase2,single,4,50,0.20
phase2,single,4,51,0.08
phase2,single,4,52,9570.18
phase2,single,4,53,0.16
phase2,single,4,54,0.13
phase2,single,4,55,0.22
phase2,single,4,56,10188.08
phase2,single,4,57,0.07
phase2,single,4,58,0.12
phase2,single,4,59,0.17
phase2,single,4,60,9646.77
phase2,single,4,61,0.26
phase2,single,4,62,0.13
phase2,single,4,63,0.12
phase2,single,4,64,10326.34
phase2,single,4,65,0.09
phase2,single,4,66,0.03
phase2,single,4,67,0.21
phase2,single,4,68,10233.52
phase2,single,4,69,0.14
phase2,single,4,70,0.04
phase2,single,4,71,0.16
phase2,single,4,72,10897.95
phase2,single,4,73,0.27
phase2,single,4,74,0.03
phase2,single,4,75,0.16
phase2,single,4,76,10561.05
phase2,single,4,77,0.12
phase2,single,4,78,0.03
phase2,single,4,79,0.04
phase2,merged,4,0,1498.23
phase2,merged,4,1,338.71
phase2,merged,4,2,0.18
phase2,merged,4,3,0.12
phase2,merged,4,4,852.36
phase2,merged,4,5,376.24
phase2,merged,4,6,0.26
phase2,merged,4,7,0.06
phase2,merged,4,8,2384.57
phase2,merged,4,9,0.14
phase2,merged,4,10,0.12
phase2,merged,4,11,0.06
phase2,merged,4,12,3213.01
phase2,merged,4,13,0.07
phase2,merged,4,14,0.03
phase2,merged,4,15,0.04
phase2,merged,4,16,1115.56
phase2,merged,4,17,0.29
phase2,merged,4,18,0.08
phase2,merged,4,19,0.02
phase2,merged,4,20,1119.47
phase2,merged,4,21,0.17
phase2,merged,4,22,0.23
phase2,merged,4,23,0.09
phase2,merged,4,24,963.13
phase2,merged,4,25,0.10
phase2,merged,4,26,0.14
phase2,merged,4,27,0.03
phase2,merged,4,28,3154.95
phase2,merged,4,29,0.10
phase2,merged,4,30,0.06
phase2,merged,4,31,0.03
phase2,merged,4,32,1045.30
phase2,merged,4,33,0.10
phase2,merged,4,34,0.13
phase2,merged,4,35,0.25
phase2,merged,4,36,1065.29
phase2,merged,4,37,0.10
phase2,merged,4,38,0.25
phase2,merged,4,39,0.13
phase2,merged,4,40,1093.34
phase2,merged,4,41,0.19
phase2,merged,4,42,0.05
phase2,merged,4,43,0.13
phase2,merged,4,44,911.01
phase2,merged,4,45,0.10
phase2,merged,4,46,0.03
phase2,merged,4,47,0.02
phase2,merged,4,48,1061.50
phase2,merged,4,49,0.10
phase2,merged,4,50,0.04
phase2,merged,4,51,0.13
phase2,merged,4,52,1007.55
phase2,merged,4,53,0.10
phase2,merged,4,54,0.03
phase2,merged,4,55,0.02
phase2,merged,4,56,1094.96
phase2,merged,4,57,0.21
phase2,merged,4,58,0.05
phase2,merged,4,59,0.03
phase2,merged,4,60,941.59
phase2,merged,4,61,0.23
phase2,merged,4,62,0.09
phase2,merged,4,63,0.03
phase2,merged,4,64,999.24
phase2,merged,4,65,0.13
phase2,merged,4,66,0.10
phase2,merged,4,67,0.09
phase2,merged,4,68,915.88
phase2,merged,4,69,0.20
phase2,merged,4,70,0.05
phase2,merged,4,71,0.18
phase2,merged,4,72,981.88
phase2,merged,4,73,0.13
phase2,merged,4,74,0.03
phase2,merged,4,75,0.08
phase2,merged,4,76,1033.47
phase2,merged,4,77,0.07
phase2,merged,4,78,0.03
phase2,merged,4,79,0.06
phase2,single,12,0,12876.20
phase2,single,12,1,1638.23
phase2,single,12,2,0.08
phase2,single,12,3,0.12
phase2,single,12,4,0.11
phase2,single,12,5,0.20
phase2,single,12,6,0.09
phase2,single,12,7,0.03
phase2,single,12,8,0.07
phase2,single,12,9,0.17
phase2,single,12,10,0.07
phase2,single,12,11,0.02
phase2,single,12,12,12298.17
phase2,single,12,13,0.19
phase2,single,12,14,0.06
phase2,single,12,15,0.04
phase2,single,12,16,0.22
phase2,single,12,17,0.09
phase2,single,12,18,0.06
phase2,single,12,19,0.03
phase2,single,12,20,298.51
phase2,single,12,21,0.15
phase2,single,12,22,0.10
phase2,single,12,23,0.17
phase2,single,12,24,10659.17
phase2,single,12,25,1556.29
phase2,single,12,26,0.18
phase2,single,12,27,1873.89
phase2,single,12,28,0.09
phase2,single,12,29,0.24
phase2,single,12,30,0.03
phase2,single,12,31,0.29
phase2,single,12,32,6148.94
phase2,single,12,33,0.16
phase2,single,12,34,0.14
phase2,single,12,35,0.05
phase2,single,12,36,3248.01
phase2,single,12,37,376.72
phase2,single,12,38,893.87
phase2,single,12,39,784.34
phase2,single,12,40,0.07
phase2,single,12,41,0.21
phase2,single,12,42,0.13
phase2,single,12,43,0.09
phase2,single,12,44,6524.72
phase2,single,12,45,0.48
phase2,single,12,46,0.05
phase2,single,12,47,0.11
phase2,single,12,48,3405.47
phase2,single,12,49,0.14
phase2,single,12,50,354.41
phase2,single,12,51,1274.97
phase2,single,12,52,0.19
phase2,single,12,53,0.13
phase2,single,12,54,0.09
phase2,single,12,55,0.09
phase2,single,12,56,6251.35
phase2,single,12,57,0.20
phase2,single,12,58,0.03
phase2,single,12,59,0.02
phase2,single,12,60,4145.93
phase2,single,12,61,0.18
phase2,single,12,62,1913.69
phase2,single,12,63,0.16
phase2,single,12,64,0.03
phase2,single,12,65,0.18
phase2,single,12,66,0.11
phase2,single,12,67,0.06
phase2,single,12,68,5207.99
phase2,single,12,69,0.14
phase2,single,12,70,0.07
phase2,single,12,71,0.06
phase2,single,12,72,4052.36
phase2,single,12,73,0.18
phase2,single,12,74,1682.84
phase2,single,12,75,79.80
phase2,single,12,76,0.09
phase2,single,12,77,0.12
phase2,single,12,78,0.18
phase2,single,12,79,0.10
phase2,merged,12,0,1655.45
phase2,merged,12,1,325.81
phase2,merged,12,2,0.28
phase2,merged,12,3,28.96
phase2,merged,12,4,2796.66
phase2,merged,12,5,0.08
phase2,merged,12,6,0.16
phase2,merged,12,7,0.03
phase2,merged,12,8,0.17
phase2,merged,12,9,0.05
phase2,merged,12,10,0.03
phase2,merged,12,11,0.24
phase2,merged,12,12,0.07
phase2,merged,12,13,0.02
phase2,merged,12,14,0.18
phase2,merged,12,15,0.10
phase2,merged,12,16,2475.20
phase2,merged,12,17,0.10
phase2,merged,12,18,0.03
phase2,merged,12,19,0.03
phase2,merged,12,20,0.23
phase2,merged,12,21,0.06
phase2,merged,12,22,0.35
phase2,merged,12,23,0.02
phase2,merged,12,24,0.16
phase2,merged,12,25,0.02
phase2,merged,12,26,0.02
phase2,merged,12,27,0.02
phase2,merged,12,28,1203.34
phase2,merged,12,29,0.35
phase2,merged,12,30,0.13
phase2,merged,12,31,0.08
phase2,merged,12,32,0.05
phase2,merged,12,33,0.08
phase2,merged,12,34,0.13
phase2,merged,12,35,0.23
phase2,merged,12,36,0.22
phase2,merged,12,37,0.08
phase2,merged,12,38,0.27
phase2,merged,12,39,0.04
phase2,merged,12,40,1305.18
phase2,merged,12,41,0.07
phase2,merged,12,42,0.08
phase2,merged,12,43,0.15
phase2,merged,12,44,0.02
phase2,merged,12,45,0.16
phase2,merged,12,46,0.02
phase2,merged,12,47,0.02
phase2,merged,12,48,0.15
phase2,merged,12,49,0.04
phase2,merged,12,50,1070.11
phase2,merged,12,51,0.15
phase2,merged,12,52,2836.15
phase2,merged,12,53,0.08
phase2,merged,12,54,0.03
phase2,merged,12,55,0.18
phase2,merged,12,56,0.06
phase2,merged,12,57,0.10
phase2,merged,12,58,0.28
phase2,merged,12,59,0.03
phase2,merged,12,60,0.15
phase2,merged,12,61,0.06
phase2,merged,12,62,0.03
phase2,merged,12,63,0.03
phase2,merged,12,64,2745.29
phase2,merged,12,65,0.17
phase2,merged,12,66,0.05
phase2,merged,12,67,0.09
phase2,merged,12,68,0.10
phase2,merged,12,69,0.03
phase2,merged,12,70,0.20
phase2,merged,12,71,0.23
phase2,merged,12,72,0.04
phase2,merged,12,73,0.05
phase2,merged,12,74,0.02
phase2,merged,12,75,0.20
phase2,merged,12,76,1099.55
phase2,merged,12,77,0.27
phase2,merged,12,78,0.34
phase2,merged,12,79,0.11
