index,tensor,candidate,shape,ok,max_diff,mean_diff,n_mismatched,cand_min,cand_max,ref_min,ref_max,cand_uniq,ref_uniq
3810796,x_continuous,new,"(2, 15, 256, 256)",True,4.76837158203125e-07,9.289065479774668e-10,0,-1.2869420051574707,6.432707786560059,-1.2869420051574707,6.432707786560059,,
3810796,x_kg,new,"(2, 1, 256, 256)",True,0.0,0.0,0,26.0,29.0,26.0,29.0,"[26.0, 27.0, 29.0]","[26.0, 27.0, 29.0]"
3810796,x_static,new,"(6, 256, 256)",False,1469.72984623909,115.5295991910967,393216,0.05110545828938484,1471.0,-2.0841405391693115,5.367453098297119,,
3810796,x_hilda_prior,new,"(1, 256, 256)",True,0.0,0.0,0,1.0,7.0,1.0,7.0,,
3810796,hilda_target,new,"(2, 256, 256)",True,0.0,0.0,0,1.0,7.0,1.0,7.0,"[1.0, 2.0, 3.0, 4.0, 5.0, 6.0, 7.0]","[1.0, 2.0, 3.0, 4.0, 5.0, 6.0, 7.0]"
3810796,x_continuous,preprocessed,"(2, 15, 256, 256)",False,1.530761405825615,0.046598341228661355,393216,-0.5791038870811462,6.434314250946045,-1.2869420051574707,6.432707786560059,,
3810796,x_kg,preprocessed,"(2, 1, 256, 256)",True,0.0,0.0,0,26.0,29.0,26.0,29.0,"[26.0, 27.0, 29.0]","[26.0, 27.0, 29.0]"
3810796,x_static,preprocessed,"(6, 256, 256)",False,3.073284685611725,0.19177837565097777,131072,-1.569628357887268,5.367453098297119,-2.0841405391693115,5.367453098297119,,
3810796,x_hilda_prior,preprocessed,"(1, 256, 256)",False,6.0,2.98974609375,65451,7.0,7.0,1.0,7.0,,
3810796,hilda_target,preprocessed,"(2, 256, 256)",False,6.0,2.98974609375,130902,7.0,7.0,1.0,7.0,[7.0],"[1.0, 2.0, 3.0, 4.0, 5.0, 6.0, 7.0]"
2853588,x_continuous,new,"(2, 15, 256, 256)",True,9.5367431640625e-07,1.4316962430408844e-10,0,-18.42068099975586,2.6867246627807617,-18.42068099975586,2.6867246627807617,,
2853588,x_kg,new,"(2, 1, 256, 256)",False,31.0,16.30224609375,68928,0.0,29.0,19.0,31.0,"[0.0, 19.0, 27.0, 29.0]","[19.0, 27.0, 29.0, 31.0]"
2853588,x_static,new,"(6, 256, 256)",False,345.5531966686249,30.92746656341782,223186,-24.0,347.6730651855469,-2.188459873199463,2.5680625438690186,,
2853588,x_hilda_prior,new,"(1, 256, 256)",True,0.0,0.0,0,0.0,7.0,0.0,7.0,,
2853588,hilda_target,new,"(2, 256, 256)",True,0.0,0.0,0,0.0,7.0,0.0,7.0,"[0.0, 1.0, 3.0, 4.0, 5.0, 6.0, 7.0]","[0.0, 1.0, 3.0, 4.0, 5.0, 6.0, 7.0]"
2853588,x_continuous,preprocessed,"(2, 15, 256, 256)",False,18.42068099975586,1.1690312985649316,393216,-0.7534939646720886,2.7526092529296875,-18.42068099975586,2.6867246627807617,,
2853588,x_kg,preprocessed,"(2, 1, 256, 256)",False,31.0,16.30224609375,68928,0.0,29.0,19.0,31.0,"[0.0, 19.0, 27.0, 29.0]","[19.0, 27.0, 29.0, 31.0]"
2853588,x_static,preprocessed,"(6, 256, 256)",False,3.296881675720215,0.9236990587216507,266928,-3.296881675720215,2.5680623054504395,-2.188459873199463,2.5680625438690186,,
2853588,x_hilda_prior,preprocessed,"(1, 256, 256)",False,6.0,1.153045654296875,30133,0.0,7.0,0.0,7.0,,
2853588,hilda_target,preprocessed,"(2, 256, 256)",False,6.0,1.153045654296875,60266,0.0,7.0,0.0,7.0,"[0.0, 7.0]","[0.0, 1.0, 3.0, 4.0, 5.0, 6.0, 7.0]"
2289891,x_continuous,new,"(2, 15, 256, 256)",True,9.5367431640625e-07,9.565119850109735e-10,0,-18.42068099975586,8.001367568969727,-18.42068099975586,8.001367568969727,,
2289891,x_kg,new,"(2, 1, 256, 256)",False,31.0,7.9198150634765625,33486,0.0,29.0,9.0,31.0,"[0.0, 9.0, 10.0, 15.0, 16.0, 18.0, 19.0, 26.0, 27.0, 29.0]","[9.0, 10.0, 15.0, 16.0, 18.0, 19.0, 26.0, 27.0, 29.0, 31.0]"
2289891,x_static,new,"(6, 256, 256)",False,2540.3260744810104,85.96362344507209,312499,-1003.0,2542.0,-2.3945300579071045,7.9950385093688965,,
2289891,x_hilda_prior,new,"(1, 256, 256)",True,0.0,0.0,0,0.0,7.0,0.0,7.0,,
2289891,hilda_target,new,"(2, 256, 256)",True,0.0,0.0,0,0.0,7.0,0.0,7.0,"[0.0, 1.0, 2.0, 3.0, 4.0, 5.0, 6.0, 7.0]","[0.0, 1.0, 2.0, 3.0, 4.0, 5.0, 6.0, 7.0]"
2289891,x_continuous,preprocessed,"(2, 15, 256, 256)",False,18.42068099975586,0.2926967972865626,393216,-0.7534939646720886,8.001702308654785,-18.42068099975586,8.001367568969727,,
2289891,x_kg,preprocessed,"(2, 1, 256, 256)",False,31.0,7.9198150634765625,33486,0.0,29.0,9.0,31.0,"[0.0, 9.0, 10.0, 15.0, 16.0, 18.0, 19.0, 26.0, 27.0, 29.0]","[9.0, 10.0, 15.0, 16.0, 18.0, 19.0, 26.0, 27.0, 29.0, 31.0]"
2289891,x_static,preprocessed,"(6, 256, 256)",False,3.296881675720215,0.5911313837726618,197822,-3.296881675720215,7.9950385093688965,-2.3945300579071045,7.9950385093688965,,
2289891,x_hilda_prior,preprocessed,"(1, 256, 256)",False,6.0,2.408599853515625,47735,0.0,7.0,0.0,7.0,,
2289891,hilda_target,preprocessed,"(2, 256, 256)",False,6.0,2.4072799682617188,95470,0.0,7.0,0.0,7.0,"[0.0, 7.0]","[0.0, 1.0, 2.0, 3.0, 4.0, 5.0, 6.0, 7.0]"
1208644,x_continuous,new,"(2, 15, 256, 256)",True,1.9073486328125e-06,1.4459260455623734e-10,0,-18.42068099975586,3.030223846435547,-18.42068099975586,3.030223846435547,,
1208644,x_kg,new,"(2, 1, 256, 256)",False,31.0,15.077117919921875,63748,0.0,29.0,19.0,31.0,"[0.0, 19.0, 27.0, 29.0]","[19.0, 27.0, 29.0, 31.0]"
1208644,x_static,new,"(6, 256, 256)",False,1216.8252284526825,47.74983478052161,235382,-39.0,1218.0,-2.188382625579834,6.852814197540283,,
1208644,x_hilda_prior,new,"(1, 256, 256)",True,0.0,0.0,0,0.0,7.0,0.0,7.0,,
1208644,hilda_target,new,"(2, 256, 256)",True,0.0,0.0,0,0.0,7.0,0.0,7.0,"[0.0, 1.0, 3.0, 4.0, 5.0, 6.0, 7.0]","[0.0, 1.0, 3.0, 4.0, 5.0, 6.0, 7.0]"
1208644,x_continuous,preprocessed,"(2, 15, 256, 256)",False,18.42068099975586,1.1598534446166748,393216,-0.7534939646720886,3.0773983001708984,-18.42068099975586,3.030223846435547,,
1208644,x_kg,preprocessed,"(2, 1, 256, 256)",False,31.0,15.077117919921875,63748,0.0,29.0,19.0,31.0,"[0.0, 19.0, 27.0, 29.0]","[19.0, 27.0, 29.0, 31.0]"
1208644,x_static,preprocessed,"(6, 256, 256)",False,3.296881675720215,0.8691301651873382,257438,-3.296881675720215,6.852814197540283,-2.188382625579834,6.852814197540283,,
1208644,x_hilda_prior,preprocessed,"(1, 256, 256)",False,6.0,1.9746856689453125,33427,0.0,7.0,0.0,7.0,,
1208644,hilda_target,preprocessed,"(2, 256, 256)",False,6.0,1.9747772216796875,66854,0.0,7.0,0.0,7.0,"[0.0, 7.0]","[0.0, 1.0, 3.0, 4.0, 5.0, 6.0, 7.0]"
1379075,x_continuous,new,"(2, 15, 256, 256)",True,1.9073486328125e-06,1.7248027006644406e-09,0,-18.42068099975586,1.0,-18.42068099975586,1.0,,
1379075,x_kg,new,"(2, 1, 256, 256)",True,0.0,0.0,0,23.0,28.0,23.0,28.0,"[23.0, 27.0, 28.0]","[23.0, 27.0, 28.0]"
1379075,x_static,new,"(6, 256, 256)",False,583.0642492771149,97.81182175111184,393216,0.0005482714623212814,584.0,-2.184677839279175,2.381718158721924,,
1379075,x_hilda_prior,new,"(1, 256, 256)",True,0.0,0.0,0,3.0,7.0,3.0,7.0,,
1379075,hilda_target,new,"(2, 256, 256)",True,0.0,0.0,0,3.0,7.0,3.0,7.0,"[3.0, 4.0, 5.0, 7.0]","[3.0, 4.0, 5.0, 7.0]"
1379075,x_continuous,preprocessed,"(2, 15, 256, 256)",False,18.42068099975586,0.3289942106862942,393216,-0.7479886412620544,1.0626699924468994,-18.42068099975586,1.0,,
1379075,x_kg,preprocessed,"(2, 1, 256, 256)",True,0.0,0.0,0,23.0,28.0,23.0,28.0,"[23.0, 27.0, 28.0]","[23.0, 27.0, 28.0]"
1379075,x_static,preprocessed,"(6, 256, 256)",False,3.184660494327545,0.19622846183592615,131071,-1.2691315412521362,2.381718158721924,-2.184677839279175,2.381718158721924,,
1379075,x_hilda_prior,preprocessed,"(1, 256, 256)",False,4.0,2.9412994384765625,65337,7.0,7.0,3.0,7.0,,
1379075,hilda_target,preprocessed,"(2, 256, 256)",False,4.0,2.9410476684570312,130674,7.0,7.0,3.0,7.0,[7.0],"[3.0, 4.0, 5.0, 7.0]"
183561,x_continuous,new,"(2, 15, 256, 256)",True,0.0,0.0,0,-18.42068099975586,0.0,-18.42068099975586,0.0,,
183561,x_kg,new,"(2, 1, 256, 256)",True,0.0,0.0,0,30.0,30.0,30.0,30.0,[30.0],[30.0]
183561,x_static,new,"(6, 256, 256)",False,3273.049730181694,377.2852713095562,65587,0.0,3275.0,-0.7684932351112366,1.9502698183059692,,
183561,x_hilda_prior,new,"(1, 256, 256)",True,0.0,0.0,0,0.0,0.0,0.0,0.0,,
183561,hilda_target,new,"(2, 256, 256)",True,0.0,0.0,0,0.0,0.0,0.0,0.0,[0.0],[0.0]
183561,x_continuous,preprocessed,"(2, 15, 256, 256)",False,18.42068099975586,1.23418843348821,393216,-0.7534939646720886,0.0,-18.42068099975586,0.0,,
183561,x_kg,preprocessed,"(2, 1, 256, 256)",True,0.0,0.0,0,30.0,30.0,30.0,30.0,[30.0],[30.0]
183561,x_static,preprocessed,"(6, 256, 256)",False,3.296881675720215,1.5616960445202797,393165,-3.296881675720215,2.0,-0.7684932351112366,1.9502698183059692,,
183561,x_hilda_prior,preprocessed,"(1, 256, 256)",True,0.0,0.0,0,0.0,0.0,0.0,0.0,,
183561,hilda_target,preprocessed,"(2, 256, 256)",True,0.0,0.0,0,0.0,0.0,0.0,0.0,[0.0],[0.0]
337075,x_continuous,new,"(2, 15, 256, 256)",True,9.5367431640625e-07,9.296308426757586e-10,0,-2.267634153366089,8.365704536437988,-2.267634153366089,8.365704536437988,,
337075,x_kg,new,"(2, 1, 256, 256)",True,0.0,0.0,0,7.0,26.0,7.0,26.0,"[7.0, 26.0]","[7.0, 26.0]"
337075,x_static,new,"(6, 256, 256)",False,351.5487015247345,84.8421274556284,393214,-141.0,353.7438049316406,-2.12347412109375,2.195103406906128,,
337075,x_hilda_prior,new,"(1, 256, 256)",True,0.0,0.0,0,1.0,7.0,1.0,7.0,,
337075,hilda_target,new,"(2, 256, 256)",True,0.0,0.0,0,1.0,7.0,1.0,7.0,"[1.0, 2.0, 3.0, 4.0, 5.0, 6.0, 7.0]","[1.0, 2.0, 3.0, 4.0, 5.0, 6.0, 7.0]"
337075,x_continuous,preprocessed,"(2, 15, 256, 256)",False,2.3661726489663124,0.03890163250840762,393216,-0.6950629353523254,8.365937232971191,-2.267634153366089,8.365704536437988,,
337075,x_kg,preprocessed,"(2, 1, 256, 256)",True,0.0,0.0,0,7.0,26.0,7.0,26.0,"[7.0, 26.0]","[7.0, 26.0]"
337075,x_static,preprocessed,"(6, 256, 256)",False,3.119236946105957,0.2028829954226441,131073,-1.336203932762146,1.99836003780365,-2.12347412109375,2.195103406906128,,
337075,x_hilda_prior,preprocessed,"(1, 256, 256)",False,6.0,4.5020904541015625,64960,7.0,7.0,1.0,7.0,,
337075,hilda_target,preprocessed,"(2, 256, 256)",False,6.0,4.501808166503906,129920,7.0,7.0,1.0,7.0,[7.0],"[1.0, 2.0, 3.0, 4.0, 5.0, 6.0, 7.0]"
74043,x_continuous,new,"(2, 15, 256, 256)",True,9.5367431640625e-07,9.34899920442452e-10,0,-18.42068099975586,9.255383491516113,-18.42068099975586,9.255383491516113,,
74043,x_kg,new,"(2, 1, 256, 256)",False,31.0,0.5860748291015625,2478,0.0,19.0,4.0,31.0,"[0.0, 4.0, 6.0, 7.0, 8.0, 9.0, 17.0, 18.0, 19.0]","[4.0, 6.0, 7.0, 8.0, 9.0, 17.0, 18.0, 19.0, 31.0]"
74043,x_static,new,"(6, 256, 256)",False,2961.1673555374146,159.15260193360433,386873,-374.0,2963.0,-2.7121522426605225,7.174021244049072,,
74043,x_hilda_prior,new,"(1, 256, 256)",True,0.0,0.0,0,0.0,7.0,0.0,7.0,,
74043,hilda_target,new,"(2, 256, 256)",True,0.0,0.0,0,0.0,7.0,0.0,7.0,"[0.0, 1.0, 2.0, 3.0, 4.0, 5.0, 6.0, 7.0]","[0.0, 1.0, 2.0, 3.0, 4.0, 5.0, 6.0, 7.0]"
74043,x_continuous,preprocessed,"(2, 15, 256, 256)",False,18.42068099975586,0.021444726694107057,393108,-0.7534939646720886,9.255478858947754,-18.42068099975586,9.255383491516113,,
74043,x_kg,preprocessed,"(2, 1, 256, 256)",False,31.0,0.5860748291015625,2478,0.0,19.0,4.0,31.0,"[0.0, 4.0, 6.0, 7.0, 8.0, 9.0, 17.0, 18.0, 19.0]","[4.0, 6.0, 7.0, 8.0, 9.0, 17.0, 18.0, 19.0, 31.0]"
74043,x_static,preprocessed,"(6, 256, 256)",False,3.296881675720215,0.2228179767800946,136160,-3.296881675720215,7.174021244049072,-2.7121522426605225,7.174021244049072,,
74043,x_hilda_prior,preprocessed,"(1, 256, 256)",False,6.0,3.8620758056640625,62924,0.0,7.0,0.0,7.0,,
74043,hilda_target,preprocessed,"(2, 256, 256)",False,6.0,3.8854293823242188,125848,0.0,7.0,0.0,7.0,"[0.0, 7.0]","[0.0, 1.0, 2.0, 3.0, 4.0, 5.0, 6.0, 7.0]"
785197,x_continuous,new,"(2, 15, 256, 256)",True,4.76837158203125e-07,1.872239844639504e-09,0,-3.365819215774536,4.524604797363281,-3.365819215774536,4.524604797363281,,
785197,x_kg,new,"(2, 1, 256, 256)",True,0.0,0.0,0,2.0,3.0,2.0,3.0,"[2.0, 3.0]","[2.0, 3.0]"
785197,x_static,new,"(6, 256, 256)",False,377.14191222190857,73.44044929567049,393216,0.03164977207779884,378.0,-2.0760159492492676,2.341301441192627,,
785197,x_hilda_prior,new,"(1, 256, 256)",True,0.0,0.0,0,1.0,7.0,1.0,7.0,,
785197,hilda_target,new,"(2, 256, 256)",True,0.0,0.0,0,1.0,7.0,1.0,7.0,"[1.0, 3.0, 4.0, 5.0, 7.0]","[1.0, 3.0, 4.0, 5.0, 7.0]"
785197,x_continuous,preprocessed,"(2, 15, 256, 256)",False,3.3997700102627277,0.15046138521673666,393216,-0.7479886412620544,4.214568614959717,-3.365819215774536,4.524604797363281,,
785197,x_kg,preprocessed,"(2, 1, 256, 256)",True,0.0,0.0,0,2.0,3.0,2.0,3.0,"[2.0, 3.0]","[2.0, 3.0]"
785197,x_static,preprocessed,"(6, 256, 256)",False,3.0634140372276306,0.20591132688648806,131071,-1.4187732934951782,2.341301679611206,-2.0760159492492676,2.341301441192627,,
785197,x_hilda_prior,preprocessed,"(1, 256, 256)",False,6.0,2.9926910400390625,65293,7.0,7.0,1.0,7.0,,
785197,hilda_target,preprocessed,"(2, 256, 256)",False,6.0,2.9930419921875,130586,7.0,7.0,1.0,7.0,[7.0],"[1.0, 3.0, 4.0, 5.0, 7.0]"
3643450,x_continuous,new,"(2, 15, 256, 256)",True,9.5367431640625e-07,1.2744498937659424e-09,0,-18.42068099975586,3.163884162902832,-18.42068099975586,3.163884162902832,,
3643450,x_kg,new,"(2, 1, 256, 256)",True,0.0,0.0,0,5.0,29.0,5.0,29.0,"[5.0, 7.0, 23.0, 29.0]","[5.0, 7.0, 23.0, 29.0]"
3643450,x_static,new,"(6, 256, 256)",False,3314.0342730283737,320.1322630156607,393124,0.0,3316.0,-2.1888580322265625,4.205671787261963,,
3643450,x_hilda_prior,new,"(1, 256, 256)",True,0.0,0.0,0,2.0,7.0,2.0,7.0,,
3643450,hilda_target,new,"(2, 256, 256)",True,0.0,0.0,0,2.0,7.0,2.0,7.0,"[2.0, 3.0, 4.0, 6.0, 7.0]","[2.0, 3.0, 4.0, 6.0, 7.0]"
3643450,x_continuous,preprocessed,"(2, 15, 256, 256)",False,18.42068099975586,0.11060547222210457,393216,-0.7479886412620544,3.2052767276763916,-18.42068099975586,3.163884162902832,,
3643450,x_kg,preprocessed,"(2, 1, 256, 256)",True,0.0,0.0,0,5.0,29.0,5.0,29.0,"[5.0, 7.0, 23.0, 29.0]","[5.0, 7.0, 23.0, 29.0]"
3643450,x_static,preprocessed,"(6, 256, 256)",False,3.1888580322265625,0.25065188369655894,131113,-1.7849615812301636,4.205671787261963,-2.1888580322265625,4.205671787261963,,
3643450,x_hilda_prior,preprocessed,"(1, 256, 256)",False,5.0,3.432952880859375,65143,7.0,7.0,2.0,7.0,,
3643450,hilda_target,preprocessed,"(2, 256, 256)",False,5.0,3.3929443359375,130286,7.0,7.0,2.0,7.0,[7.0],"[2.0, 3.0, 4.0, 6.0, 7.0]"
2909382,x_continuous,new,"(2, 15, 256, 256)",True,9.5367431640625e-07,6.799340127964608e-10,0,-18.42068099975586,10.095672607421875,-18.42068099975586,10.095672607421875,,
2909382,x_kg,new,"(2, 1, 256, 256)",False,31.0,12.394134521484375,52404,0.0,3.0,2.0,31.0,"[0.0, 2.0, 3.0]","[2.0, 3.0, 31.0]"
2909382,x_static,new,"(6, 256, 256)",False,3397.4345186948776,132.0233741196852,261400,-3398.0,533.0,-2.753556251525879,4.344421863555908,,
2909382,x_hilda_prior,new,"(1, 256, 256)",True,0.0,0.0,0,0.0,7.0,0.0,7.0,,
2909382,hilda_target,new,"(2, 256, 256)",True,0.0,0.0,0,0.0,7.0,0.0,7.0,"[0.0, 1.0, 2.0, 3.0, 4.0, 5.0, 6.0, 7.0]","[0.0, 1.0, 2.0, 3.0, 4.0, 5.0, 6.0, 7.0]"
2909382,x_continuous,preprocessed,"(2, 15, 256, 256)",False,18.42068099975586,0.4588032027061698,392326,-0.7534939646720886,10.09571361541748,-18.42068099975586,10.095672607421875,,
2909382,x_kg,preprocessed,"(2, 1, 256, 256)",False,31.0,12.394134521484375,52404,0.0,3.0,2.0,31.0,"[0.0, 2.0, 3.0]","[2.0, 3.0, 31.0]"
2909382,x_static,preprocessed,"(6, 256, 256)",False,3.296881675720215,0.761919542094327,236572,-3.296881675720215,4.344421863555908,-2.753556251525879,4.344421863555908,,
2909382,x_hilda_prior,preprocessed,"(1, 256, 256)",False,6.0,1.8341827392578125,38663,0.0,7.0,0.0,7.0,,
2909382,hilda_target,preprocessed,"(2, 256, 256)",False,6.0,1.8355331420898438,77326,0.0,7.0,0.0,7.0,"[0.0, 7.0]","[0.0, 1.0, 2.0, 3.0, 4.0, 5.0, 6.0, 7.0]"
4089144,x_continuous,new,"(2, 15, 256, 256)",True,0.0,0.0,0,-18.42068099975586,0.0,-18.42068099975586,0.0,,
4089144,x_kg,new,"(2, 1, 256, 256)",True,0.0,0.0,0,30.0,30.0,30.0,30.0,[30.0],[30.0]
4089144,x_static,new,"(6, 256, 256)",False,3121.107034921646,503.58727266523755,65536,0.0,3123.0,0.0,1.8929650783538818,,
4089144,x_hilda_prior,new,"(1, 256, 256)",True,0.0,0.0,0,0.0,0.0,0.0,0.0,,
4089144,hilda_target,new,"(2, 256, 256)",True,0.0,0.0,0,0.0,0.0,0.0,0.0,[0.0],[0.0]
4089144,x_continuous,preprocessed,"(2, 15, 256, 256)",False,18.42068099975586,1.23418843348821,393216,-0.7534939646720886,0.0,-18.42068099975586,0.0,,
4089144,x_kg,preprocessed,"(2, 1, 256, 256)",True,0.0,0.0,0,30.0,30.0,30.0,30.0,[30.0],[30.0]
4089144,x_static,preprocessed,"(6, 256, 256)",False,3.296881675720215,1.5525160246443193,393216,-3.296881675720215,2.0,0.0,1.8929650783538818,,
4089144,x_hilda_prior,preprocessed,"(1, 256, 256)",True,0.0,0.0,0,0.0,0.0,0.0,0.0,,
4089144,hilda_target,preprocessed,"(2, 256, 256)",True,0.0,0.0,0,0.0,0.0,0.0,0.0,[0.0],[0.0]
2256248,x_continuous,new,"(2, 15, 256, 256)",True,1.9073486328125e-06,1.654962034081109e-09,0,-18.42068099975586,3.703245162963867,-18.42068099975586,3.703245162963867,,
2256248,x_kg,new,"(2, 1, 256, 256)",False,31.0,10.22296142578125,43224,0.0,30.0,7.0,31.0,"[0.0, 7.0, 9.0, 10.0, 15.0, 16.0, 27.0, 29.0, 30.0]","[7.0, 9.0, 10.0, 15.0, 16.0, 27.0, 29.0, 30.0, 31.0]"
2256248,x_static,new,"(6, 256, 256)",False,3819.843508720398,109.23742549021715,284981,-935.0,3822.0,-2.188699245452881,9.9710693359375,,
2256248,x_hilda_prior,new,"(1, 256, 256)",True,0.0,0.0,0,0.0,7.0,0.0,7.0,,
2256248,hilda_target,new,"(2, 256, 256)",True,0.0,0.0,0,0.0,7.0,0.0,7.0,"[0.0, 1.0, 2.0, 3.0, 4.0, 5.0, 6.0, 7.0]","[0.0, 1.0, 2.0, 3.0, 4.0, 5.0, 6.0, 7.0]"
2256248,x_continuous,preprocessed,"(2, 15, 256, 256)",False,18.42068099975586,0.38098321870064583,393216,-0.7534939646720886,3.7275898456573486,-18.42068099975586,3.703245162963867,,
2256248,x_kg,preprocessed,"(2, 1, 256, 256)",False,31.0,10.22296142578125,43224,0.0,30.0,7.0,31.0,"[0.0, 7.0, 9.0, 10.0, 15.0, 16.0, 27.0, 29.0, 30.0]","[7.0, 9.0, 10.0, 15.0, 16.0, 27.0, 29.0, 30.0, 31.0]"
2256248,x_static,preprocessed,"(6, 256, 256)",False,3.296881675720215,0.721856750443341,221429,-3.296881675720215,9.9710693359375,-2.188699245452881,9.9710693359375,,
2256248,x_hilda_prior,preprocessed,"(1, 256, 256)",False,6.0,1.59747314453125,40717,0.0,7.0,0.0,7.0,,
2256248,hilda_target,preprocessed,"(2, 256, 256)",False,6.0,1.5974960327148438,81434,0.0,7.0,0.0,7.0,"[0.0, 7.0]","[0.0, 1.0, 2.0, 3.0, 4.0, 5.0, 6.0, 7.0]"
2717728,x_continuous,new,"(2, 15, 256, 256)",True,9.5367431640625e-07,6.455399178169804e-10,0,-18.42068099975586,6.646681785583496,-18.42068099975586,6.646681785583496,,
2717728,x_kg,new,"(2, 1, 256, 256)",False,31.0,16.384552001953125,69276,0.0,27.0,7.0,31.0,"[0.0, 7.0, 8.0, 9.0, 14.0, 15.0, 26.0, 27.0]","[7.0, 8.0, 9.0, 14.0, 15.0, 26.0, 27.0, 31.0]"
2717728,x_static,new,"(6, 256, 256)",False,1765.6182528734207,73.29126427492787,220370,-265.0,1767.0,-2.188634157180786,6.211329936981201,,
2717728,x_hilda_prior,new,"(1, 256, 256)",True,0.0,0.0,0,0.0,7.0,0.0,7.0,,
2717728,hilda_target,new,"(2, 256, 256)",True,0.0,0.0,0,0.0,7.0,0.0,7.0,"[0.0, 1.0, 2.0, 3.0, 4.0, 5.0, 6.0, 7.0]","[0.0, 1.0, 2.0, 3.0, 4.0, 5.0, 6.0, 7.0]"
2717728,x_continuous,preprocessed,"(2, 15, 256, 256)",False,18.42068099975586,0.43495911481926336,393216,-0.7534939646720886,6.647979259490967,-18.42068099975586,6.646681785583496,,
2717728,x_kg,preprocessed,"(2, 1, 256, 256)",False,31.0,16.384552001953125,69276,0.0,27.0,7.0,31.0,"[0.0, 7.0, 8.0, 9.0, 14.0, 15.0, 26.0, 27.0]","[7.0, 8.0, 9.0, 14.0, 15.0, 26.0, 27.0, 31.0]"
2717728,x_static,preprocessed,"(6, 256, 256)",False,3.296881675720215,0.9640641510488847,270891,-3.296881675720215,6.211329936981201,-2.188634157180786,6.211329936981201,,
2717728,x_hilda_prior,preprocessed,"(1, 256, 256)",False,6.0,1.419952392578125,30290,0.0,7.0,0.0,7.0,,
2717728,hilda_target,preprocessed,"(2, 256, 256)",False,6.0,1.4246673583984375,60580,0.0,7.0,0.0,7.0,"[0.0, 7.0]","[0.0, 1.0, 2.0, 3.0, 4.0, 5.0, 6.0, 7.0]"
4348927,x_continuous,new,"(2, 15, 256, 256)",True,4.76837158203125e-07,7.787699966380993e-10,0,-0.6864386200904846,5.982138633728027,-0.6864386200904846,5.982138633728027,,
4348927,x_kg,new,"(2, 1, 256, 256)",True,0.0,0.0,0,3.0,9.0,3.0,9.0,"[3.0, 4.0, 6.0, 8.0, 9.0]","[3.0, 4.0, 6.0, 8.0, 9.0]"
4348927,x_static,new,"(6, 256, 256)",False,3062.1292781829834,176.20090623160885,393216,0.003323566634207964,3064.0,-2.1496386528015137,6.583795547485352,,
4348927,x_hilda_prior,new,"(1, 256, 256)",True,0.0,0.0,0,1.0,6.0,1.0,6.0,,
4348927,hilda_target,new,"(2, 256, 256)",True,0.0,0.0,0,1.0,6.0,1.0,6.0,"[1.0, 2.0, 3.0, 4.0, 5.0, 6.0]","[1.0, 2.0, 3.0, 4.0, 5.0, 6.0]"
4348927,x_continuous,preprocessed,"(2, 15, 256, 256)",False,0.6204755306243896,0.013279402970230574,393216,-0.7479886412620544,5.984658718109131,-0.6864386200904846,5.982138633728027,,
4348927,x_kg,preprocessed,"(2, 1, 256, 256)",True,0.0,0.0,0,3.0,9.0,3.0,9.0,"[3.0, 4.0, 6.0, 8.0, 9.0]","[3.0, 4.0, 6.0, 8.0, 9.0]"
4348927,x_static,preprocessed,"(6, 256, 256)",False,3.148113250732422,0.2399675434840578,131072,-1.2526369094848633,6.583795547485352,-2.1496386528015137,6.583795547485352,,
4348927,x_hilda_prior,preprocessed,"(1, 256, 256)",False,6.0,3.411712646484375,65536,7.0,7.0,1.0,6.0,,
4348927,hilda_target,preprocessed,"(2, 256, 256)",False,6.0,3.4189910888671875,131072,7.0,7.0,1.0,6.0,[7.0],"[1.0, 2.0, 3.0, 4.0, 5.0, 6.0]"
3268144,x_continuous,new,"(2, 15, 256, 256)",True,9.5367431640625e-07,1.630008476342463e-09,0,-18.42068099975586,6.089041709899902,-18.42068099975586,6.089041709899902,,
3268144,x_kg,new,"(2, 1, 256, 256)",True,0.0,0.0,0,27.0,27.0,27.0,27.0,[27.0],[27.0]
3268144,x_static,new,"(6, 256, 256)",False,854.9617040157318,113.21428018567458,392884,0.0,856.0,-2.188307285308838,3.3643991947174072,,
3268144,x_hilda_prior,new,"(1, 256, 256)",True,0.0,0.0,0,1.0,7.0,1.0,7.0,,
3268144,hilda_target,new,"(2, 256, 256)",True,0.0,0.0,0,1.0,7.0,1.0,7.0,"[1.0, 2.0, 3.0, 4.0, 5.0, 6.0, 7.0]","[1.0, 2.0, 3.0, 4.0, 5.0, 6.0, 7.0]"
3268144,x_continuous,preprocessed,"(2, 15, 256, 256)",False,18.42068099975586,0.20083749883923174,393216,-0.5877994298934937,6.091306686401367,-18.42068099975586,6.089041709899902,,
3268144,x_kg,preprocessed,"(2, 1, 256, 256)",True,0.0,0.0,0,27.0,27.0,27.0,27.0,[27.0],[27.0]
3268144,x_static,preprocessed,"(6, 256, 256)",False,3.188306987285614,0.20105603907198022,131227,-1.0005946159362793,3.3643991947174072,-2.188307285308838,3.3643991947174072,,
3268144,x_hilda_prior,preprocessed,"(1, 256, 256)",False,6.0,2.8621673583984375,62662,7.0,7.0,1.0,7.0,,
3268144,hilda_target,preprocessed,"(2, 256, 256)",False,6.0,2.8614730834960938,125324,7.0,7.0,1.0,7.0,[7.0],"[1.0, 2.0, 3.0, 4.0, 5.0, 6.0, 7.0]"
2832573,x_continuous,new,"(2, 15, 256, 256)",True,9.5367431640625e-07,1.1265147629539267e-09,0,-18.42068099975586,9.132272720336914,-18.42068099975586,9.132272720336914,,
2832573,x_kg,new,"(2, 1, 256, 256)",True,0.0,0.0,0,11.0,26.0,11.0,26.0,"[11.0, 14.0, 21.0, 22.0, 25.0, 26.0]","[11.0, 14.0, 21.0, 22.0, 25.0, 26.0]"
2832573,x_static,new,"(6, 256, 256)",False,1942.5515230894089,84.99837609081324,392983,0.0,1944.0,-2.6365113258361816,6.761064529418945,,
2832573,x_hilda_prior,new,"(1, 256, 256)",True,0.0,0.0,0,1.0,7.0,1.0,7.0,,
2832573,hilda_target,new,"(2, 256, 256)",True,0.0,0.0,0,1.0,7.0,1.0,7.0,"[1.0, 2.0, 3.0, 4.0, 6.0, 7.0]","[1.0, 2.0, 3.0, 4.0, 6.0, 7.0]"
2832573,x_continuous,preprocessed,"(2, 15, 256, 256)",False,18.42068099975586,0.01708284161791925,393216,-0.43614792823791504,9.132380485534668,-18.42068099975586,9.132272720336914,,
2832573,x_kg,preprocessed,"(2, 1, 256, 256)",True,0.0,0.0,0,11.0,26.0,11.0,26.0,"[11.0, 14.0, 21.0, 22.0, 25.0, 26.0]","[11.0, 14.0, 21.0, 22.0, 25.0, 26.0]"
2832573,x_static,preprocessed,"(6, 256, 256)",False,3.188119113445282,0.2054737433305851,131176,-2.6365113258361816,6.761064529418945,-2.6365113258361816,6.761064529418945,,
2832573,x_hilda_prior,preprocessed,"(1, 256, 256)",False,6.0,4.1020660400390625,63848,7.0,7.0,1.0,7.0,,
2832573,hilda_target,preprocessed,"(2, 256, 256)",False,6.0,4.102752685546875,127696,7.0,7.0,1.0,7.0,[7.0],"[1.0, 2.0, 3.0, 4.0, 6.0, 7.0]"
2435439,x_continuous,new,"(2, 15, 256, 256)",True,4.76837158203125e-07,7.781235568498264e-10,0,-18.42068099975586,4.473850250244141,-18.42068099975586,4.473850250244141,,
2435439,x_kg,new,"(2, 1, 256, 256)",True,0.0,0.0,0,4.0,5.0,4.0,5.0,"[4.0, 5.0]","[4.0, 5.0]"
2435439,x_static,new,"(6, 256, 256)",False,2876.1994010210037,84.779227459112,393216,0.0014957492239773273,2878.0,-2.132110118865967,8.918915748596191,,
2435439,x_hilda_prior,new,"(1, 256, 256)",True,0.0,0.0,0,1.0,6.0,1.0,6.0,,
2435439,hilda_target,new,"(2, 256, 256)",True,0.0,0.0,0,1.0,6.0,1.0,6.0,"[1.0, 2.0, 3.0, 6.0]","[1.0, 2.0, 3.0, 6.0]"
2435439,x_continuous,preprocessed,"(2, 15, 256, 256)",False,18.42068099975586,0.06804405214710606,393216,-0.5308730006217957,4.485188961029053,-18.42068099975586,4.473850250244141,,
2435439,x_kg,preprocessed,"(2, 1, 256, 256)",True,0.0,0.0,0,4.0,5.0,4.0,5.0,"[4.0, 5.0]","[4.0, 5.0]"
2435439,x_static,preprocessed,"(6, 256, 256)",False,3.128917694091797,0.2141666128157589,131072,-1.296210765838623,8.918915748596191,-2.132110118865967,8.918915748596191,,
2435439,x_hilda_prior,preprocessed,"(1, 256, 256)",False,6.0,1.107025146484375,65536,7.0,7.0,1.0,6.0,,
2435439,hilda_target,preprocessed,"(2, 256, 256)",False,6.0,1.1062164306640625,131072,7.0,7.0,1.0,6.0,[7.0],"[1.0, 2.0, 3.0, 6.0]"
2508430,x_continuous,new,"(2, 15, 256, 256)",True,9.5367431640625e-07,1.502234818947142e-09,0,-18.42068099975586,3.8884499073028564,-18.42068099975586,3.8884499073028564,,
2508430,x_kg,new,"(2, 1, 256, 256)",True,0.0,0.0,0,7.0,27.0,7.0,27.0,"[7.0, 22.0, 26.0, 27.0]","[7.0, 22.0, 26.0, 27.0]"
2508430,x_static,new,"(6, 256, 256)",False,1458.7339932918549,176.89377336402762,393216,0.006840804126113653,1460.0,-2.716872453689575,3.470590353012085,,
2508430,x_hilda_prior,new,"(1, 256, 256)",True,0.0,0.0,0,1.0,7.0,1.0,7.0,,
2508430,hilda_target,new,"(2, 256, 256)",True,0.0,0.0,0,1.0,7.0,1.0,7.0,"[1.0, 2.0, 3.0, 4.0, 5.0, 6.0, 7.0]","[1.0, 2.0, 3.0, 4.0, 5.0, 6.0, 7.0]"
2508430,x_continuous,preprocessed,"(2, 15, 256, 256)",False,18.42068099975586,0.29563105528382755,393216,-0.6988344788551331,3.908720016479492,-18.42068099975586,3.8884499073028564,,
2508430,x_kg,preprocessed,"(2, 1, 256, 256)",True,0.0,0.0,0,7.0,27.0,7.0,27.0,"[7.0, 22.0, 26.0, 27.0]","[7.0, 22.0, 26.0, 27.0]"
2508430,x_static,preprocessed,"(6, 256, 256)",False,3.1264986991882324,0.18789486262209618,131072,-2.716872453689575,3.470590353012085,-2.716872453689575,3.470590353012085,,
2508430,x_hilda_prior,preprocessed,"(1, 256, 256)",False,6.0,4.506256103515625,65182,7.0,7.0,1.0,7.0,,
2508430,hilda_target,preprocessed,"(2, 256, 256)",False,6.0,4.500877380371094,130364,7.0,7.0,1.0,7.0,[7.0],"[1.0, 2.0, 3.0, 4.0, 5.0, 6.0, 7.0]"
4189124,x_continuous,new,"(2, 15, 256, 256)",True,1.9073486328125e-06,1.6383855457509829e-09,0,-18.42068099975586,5.078672885894775,-18.42068099975586,5.078672885894775,,
4189124,x_kg,new,"(2, 1, 256, 256)",True,0.0,0.0,0,1.0,1.0,1.0,1.0,[1.0],[1.0]
4189124,x_static,new,"(6, 256, 256)",False,836.9684901237488,69.05471250287111,393216,0.002505854470655322,838.0,-2.101503849029541,3.459496259689331,,
4189124,x_hilda_prior,new,"(1, 256, 256)",True,0.0,0.0,0,3.0,7.0,3.0,7.0,,
4189124,hilda_target,new,"(2, 256, 256)",True,0.0,0.0,0,3.0,7.0,3.0,7.0,"[3.0, 4.0, 5.0, 7.0]","[3.0, 4.0, 5.0, 7.0]"
4189124,x_continuous,preprocessed,"(2, 15, 256, 256)",False,18.42068099975586,0.33664434088464823,393216,-0.6884216666221619,5.084881782531738,-18.42068099975586,5.078672885894775,,
4189124,x_kg,preprocessed,"(2, 1, 256, 256)",True,0.0,0.0,0,1.0,1.0,1.0,1.0,[1.0],[1.0]
4189124,x_static,preprocessed,"(6, 256, 256)",False,3.093945264816284,0.20860789401470292,131072,-1.6087394952774048,3.459496259689331,-2.101503849029541,3.459496259689331,,
4189124,x_hilda_prior,preprocessed,"(1, 256, 256)",False,4.0,2.978271484375,65070,7.0,7.0,3.0,7.0,,
4189124,hilda_target,preprocessed,"(2, 256, 256)",False,4.0,2.978179931640625,130140,7.0,7.0,3.0,7.0,[7.0],"[3.0, 4.0, 5.0, 7.0]"
1242514,x_continuous,new,"(2, 15, 256, 256)",True,1.9073486328125e-06,5.661868011467656e-10,0,-18.42068099975586,6.917191028594971,-18.42068099975586,6.917191028594971,,
1242514,x_kg,new,"(2, 1, 256, 256)",False,31.0,11.637298583984375,49204,0.0,29.0,1.0,31.0,"[0.0, 1.0, 2.0, 3.0, 15.0, 29.0]","[1.0, 2.0, 3.0, 15.0, 29.0, 31.0]"
1242514,x_static,new,"(6, 256, 256)",False,5553.621319890022,229.82552908809325,271530,-5555.0,3830.0,-2.1886231899261475,7.732402801513672,,
1242514,x_hilda_prior,new,"(1, 256, 256)",True,0.0,0.0,0,0.0,7.0,0.0,7.0,,
1242514,hilda_target,new,"(2, 256, 256)",True,0.0,0.0,0,0.0,7.0,0.0,7.0,"[0.0, 1.0, 2.0, 3.0, 4.0, 5.0, 6.0, 7.0]","[0.0, 1.0, 2.0, 3.0, 4.0, 5.0, 6.0, 7.0]"
1242514,x_continuous,preprocessed,"(2, 15, 256, 256)",False,18.42068099975586,0.4098717692859441,393216,-0.7534939646720886,6.918181419372559,-18.42068099975586,6.917191028594971,,
1242514,x_kg,preprocessed,"(2, 1, 256, 256)",False,31.0,11.637298583984375,49204,0.0,29.0,1.0,31.0,"[0.0, 1.0, 2.0, 3.0, 15.0, 29.0]","[1.0, 2.0, 3.0, 15.0, 29.0, 31.0]"
1242514,x_static,preprocessed,"(6, 256, 256)",False,3.296881675720215,0.7269302532678078,228643,-3.296881675720215,7.732402801513672,-2.1886231899261475,7.732402801513672,,
1242514,x_hilda_prior,preprocessed,"(1, 256, 256)",False,6.0,1.7467041015625,40834,0.0,7.0,0.0,7.0,,
1242514,hilda_target,preprocessed,"(2, 256, 256)",False,6.0,1.74639892578125,81668,0.0,7.0,0.0,7.0,"[0.0, 7.0]","[0.0, 1.0, 2.0, 3.0, 4.0, 5.0, 6.0, 7.0]"
3655023,x_continuous,new,"(2, 15, 256, 256)",True,0.0,0.0,0,-18.42068099975586,0.0,-18.42068099975586,0.0,,
3655023,x_kg,new,"(2, 1, 256, 256)",True,0.0,0.0,0,30.0,30.0,30.0,30.0,[30.0],[30.0]
3655023,x_static,new,"(6, 256, 256)",False,2857.2065640687943,464.43482290006403,65536,0.0,2859.0,0.0,1.7934359312057495,,
3655023,x_hilda_prior,new,"(1, 256, 256)",True,0.0,0.0,0,0.0,0.0,0.0,0.0,,
3655023,hilda_target,new,"(2, 256, 256)",True,0.0,0.0,0,0.0,0.0,0.0,0.0,[0.0],[0.0]
3655023,x_continuous,preprocessed,"(2, 15, 256, 256)",False,18.42068099975586,1.23418843348821,393216,-0.7534939646720886,0.0,-18.42068099975586,0.0,,
3655023,x_kg,preprocessed,"(2, 1, 256, 256)",True,0.0,0.0,0,30.0,30.0,30.0,30.0,[30.0],[30.0]
3655023,x_static,preprocessed,"(6, 256, 256)",False,3.296881675720215,1.5672822425437214,393216,-3.296881675720215,2.0,0.0,1.7934359312057495,,
3655023,x_hilda_prior,preprocessed,"(1, 256, 256)",True,0.0,0.0,0,0.0,0.0,0.0,0.0,,
3655023,hilda_target,preprocessed,"(2, 256, 256)",True,0.0,0.0,0,0.0,0.0,0.0,0.0,[0.0],[0.0]
3005526,x_continuous,new,"(2, 15, 256, 256)",True,4.76837158203125e-07,9.462382877245546e-10,0,-0.6796961426734924,7.3853912353515625,-0.6796961426734924,7.385390758514404,,
3005526,x_kg,new,"(2, 1, 256, 256)",True,0.0,0.0,0,3.0,29.0,3.0,29.0,"[3.0, 4.0, 6.0, 7.0, 8.0, 9.0, 11.0, 12.0, 13.0, 29.0]","[3.0, 4.0, 6.0, 7.0, 8.0, 9.0, 11.0, 12.0, 13.0, 29.0]"
3005526,x_static,new,"(6, 256, 256)",False,4100.737570524216,284.07418724397564,390494,-118.0,4103.0,-2.2104034423828125,8.020771980285645,,
3005526,x_hilda_prior,new,"(1, 256, 256)",True,0.0,0.0,0,1.0,7.0,1.0,7.0,,
3005526,hilda_target,new,"(2, 256, 256)",True,0.0,0.0,0,1.0,7.0,1.0,7.0,"[1.0, 2.0, 3.0, 4.0, 5.0, 6.0, 7.0]","[1.0, 2.0, 3.0, 4.0, 5.0, 6.0, 7.0]"
3005526,x_continuous,preprocessed,"(2, 15, 256, 256)",False,0.29802417755126953,0.00900096083376649,393216,-0.7413374185562134,7.386011123657227,-0.6796961426734924,7.385390758514404,,
3005526,x_kg,preprocessed,"(2, 1, 256, 256)",True,0.0,0.0,0,3.0,29.0,3.0,29.0,"[3.0, 4.0, 6.0, 7.0, 8.0, 9.0, 11.0, 12.0, 13.0, 29.0]","[3.0, 4.0, 6.0, 7.0, 8.0, 9.0, 11.0, 12.0, 13.0, 29.0]"
3005526,x_static,preprocessed,"(6, 256, 256)",False,3.1884074807167053,0.2298890407947093,132428,-2.2104032039642334,8.020771980285645,-2.2104034423828125,8.020771980285645,,
3005526,x_hilda_prior,preprocessed,"(1, 256, 256)",False,6.0,2.764495849609375,65276,7.0,7.0,1.0,7.0,,
3005526,hilda_target,preprocessed,"(2, 256, 256)",False,6.0,2.771026611328125,130552,7.0,7.0,1.0,7.0,[7.0],"[1.0, 2.0, 3.0, 4.0, 5.0, 6.0, 7.0]"
12268,x_continuous,new,"(2, 15, 256, 256)",True,0.0,0.0,0,-18.42068099975586,0.0,-18.42068099975586,0.0,,
12268,x_kg,new,"(2, 1, 256, 256)",False,31.0,30.995742797851562,131054,0.0,1.0,1.0,31.0,"[0.0, 1.0]","[1.0, 31.0]"
12268,x_static,new,"(6, 256, 256)",False,5804.526691794395,536.9481286219612,65510,-5806.0,99.0,-1.4733082056045532,0.7529035210609436,,
12268,x_hilda_prior,new,"(1, 256, 256)",True,0.0,0.0,0,0.0,6.0,0.0,6.0,,
12268,hilda_target,new,"(2, 256, 256)",True,0.0,0.0,0,0.0,6.0,0.0,6.0,"[0.0, 6.0]","[0.0, 6.0]"
12268,x_continuous,preprocessed,"(2, 15, 256, 256)",False,18.42068099975586,1.23418843348821,393216,-0.7534939646720886,0.0,-18.42068099975586,0.0,,
12268,x_kg,preprocessed,"(2, 1, 256, 256)",False,31.0,30.995742797851562,131054,0.0,1.0,1.0,31.0,"[0.0, 1.0]","[1.0, 31.0]"
12268,x_static,preprocessed,"(6, 256, 256)",False,3.296881675720215,1.5705619078682034,393216,-3.296881675720215,1.0,-1.4733082056045532,0.7529035210609436,,
12268,x_hilda_prior,preprocessed,"(1, 256, 256)",False,1.0,0.0001068115234375,7,0.0,7.0,0.0,6.0,,
12268,hilda_target,preprocessed,"(2, 256, 256)",False,1.0,0.0001068115234375,14,0.0,7.0,0.0,6.0,"[0.0, 7.0]","[0.0, 6.0]"
1765788,x_continuous,new,"(2, 15, 256, 256)",True,9.5367431640625e-07,1.0245253090346295e-09,0,-18.42068099975586,5.753518104553223,-18.42068099975586,5.753518104553223,,
1765788,x_kg,new,"(2, 1, 256, 256)",True,0.0,0.0,0,4.0,5.0,4.0,5.0,"[4.0, 5.0]","[4.0, 5.0]"
1765788,x_static,new,"(6, 256, 256)",False,1800.6050577163696,62.09620891986086,375229,-37.0,1802.0,-2.188615322113037,6.3469624519348145,,
1765788,x_hilda_prior,new,"(1, 256, 256)",True,0.0,0.0,0,1.0,7.0,1.0,7.0,,
1765788,hilda_target,new,"(2, 256, 256)",True,0.0,0.0,0,1.0,7.0,1.0,7.0,"[1.0, 2.0, 3.0, 4.0, 6.0, 7.0]","[1.0, 2.0, 3.0, 4.0, 6.0, 7.0]"
1765788,x_continuous,preprocessed,"(2, 15, 256, 256)",False,18.42068099975586,0.07997090781941646,393216,-0.7289667129516602,5.756684303283691,-18.42068099975586,5.753518104553223,,
1765788,x_kg,preprocessed,"(2, 1, 256, 256)",True,0.0,0.0,0,4.0,5.0,4.0,5.0,"[4.0, 5.0]","[4.0, 5.0]"
1765788,x_static,preprocessed,"(6, 256, 256)",False,3.296881675720215,0.29864788199588294,143321,-3.296881675720215,6.3469624519348145,-2.188615322113037,6.3469624519348145,,
1765788,x_hilda_prior,preprocessed,"(1, 256, 256)",False,6.0,3.026123046875,62510,7.0,7.0,1.0,7.0,,
1765788,hilda_target,preprocessed,"(2, 256, 256)",False,6.0,3.0258026123046875,125020,7.0,7.0,1.0,7.0,[7.0],"[1.0, 2.0, 3.0, 4.0, 6.0, 7.0]"
3841171,x_continuous,new,"(2, 15, 256, 256)",True,0.0,0.0,0,-18.42068099975586,0.0,-18.42068099975586,0.0,,
3841171,x_kg,new,"(2, 1, 256, 256)",True,0.0,0.0,0,30.0,30.0,30.0,30.0,[30.0],[30.0]
3841171,x_static,new,"(6, 256, 256)",False,1228.8207043409348,137.02725984985776,65545,0.0,1230.0,-0.7684932351112366,1.1792956590652466,,
3841171,x_hilda_prior,new,"(1, 256, 256)",True,0.0,0.0,0,0.0,0.0,0.0,0.0,,
3841171,hilda_target,new,"(2, 256, 256)",True,0.0,0.0,0,0.0,0.0,0.0,0.0,[0.0],[0.0]
3841171,x_continuous,preprocessed,"(2, 15, 256, 256)",False,18.42068099975586,1.23418843348821,393216,-0.7534939646720886,0.0,-18.42068099975586,0.0,,
3841171,x_kg,preprocessed,"(2, 1, 256, 256)",True,0.0,0.0,0,30.0,30.0,30.0,30.0,[30.0],[30.0]
3841171,x_static,preprocessed,"(6, 256, 256)",False,3.296881675720215,1.537714421862044,393207,-3.296881675720215,1.0,-0.7684932351112366,1.1792956590652466,,
3841171,x_hilda_prior,preprocessed,"(1, 256, 256)",True,0.0,0.0,0,0.0,0.0,0.0,0.0,,
3841171,hilda_target,preprocessed,"(2, 256, 256)",True,0.0,0.0,0,0.0,0.0,0.0,0.0,[0.0],[0.0]
2483330,x_continuous,new,"(2, 15, 256, 256)",True,0.0,0.0,0,-18.42068099975586,0.0,-18.42068099975586,0.0,,
2483330,x_kg,new,"(2, 1, 256, 256)",False,31.0,7.7911529541015625,32942,0.0,30.0,30.0,31.0,"[0.0, 30.0]","[30.0, 31.0]"
2483330,x_static,new,"(6, 256, 256)",False,2130.480646252632,24.506065997866944,65893,0.0,2132.0,-0.7684932351112366,1.5193537473678589,,
2483330,x_hilda_prior,new,"(1, 256, 256)",True,0.0,0.0,0,0.0,0.0,0.0,0.0,,
2483330,hilda_target,new,"(2, 256, 256)",True,0.0,0.0,0,0.0,0.0,0.0,0.0,[0.0],[0.0]
2483330,x_continuous,preprocessed,"(2, 15, 256, 256)",False,18.42068099975586,1.23418843348821,393216,-0.7534939646720886,0.0,-18.42068099975586,0.0,,
2483330,x_kg,preprocessed,"(2, 1, 256, 256)",False,31.0,7.7911529541015625,32942,0.0,30.0,30.0,31.0,"[0.0, 30.0]","[30.0, 31.0]"
2483330,x_static,preprocessed,"(6, 256, 256)",False,3.296881675720215,1.5651047569738996,392859,-3.296881675720215,2.0,-0.7684932351112366,1.5193537473678589,,
2483330,x_hilda_prior,preprocessed,"(1, 256, 256)",True,0.0,0.0,0,0.0,0.0,0.0,0.0,,
2483330,hilda_target,preprocessed,"(2, 256, 256)",True,0.0,0.0,0,0.0,0.0,0.0,0.0,[0.0],[0.0]
150463,x_continuous,new,"(2, 15, 256, 256)",True,9.5367431640625e-07,1.193810339472634e-09,0,-18.42068099975586,6.105546474456787,-18.42068099975586,6.105546474456787,,
150463,x_kg,new,"(2, 1, 256, 256)",True,0.0,0.0,0,4.0,7.0,4.0,7.0,"[4.0, 5.0, 7.0]","[4.0, 5.0, 7.0]"
150463,x_static,new,"(6, 256, 256)",False,1162.845586657524,166.5825818509791,393216,0.009024354629218578,1164.0,-2.9676437377929688,3.5070443153381348,,
150463,x_hilda_prior,new,"(1, 256, 256)",True,0.0,0.0,0,2.0,7.0,2.0,7.0,,
150463,hilda_target,new,"(2, 256, 256)",True,0.0,0.0,0,2.0,7.0,2.0,7.0,"[2.0, 3.0, 6.0, 7.0]","[2.0, 3.0, 6.0, 7.0]"
150463,x_continuous,preprocessed,"(2, 15, 256, 256)",False,18.42068099975586,0.4156803471569281,393216,-0.5308730006217957,6.107774257659912,-18.42068099975586,6.105546474456787,,
150463,x_kg,preprocessed,"(2, 1, 256, 256)",True,0.0,0.0,0,4.0,7.0,4.0,7.0,"[4.0, 5.0, 7.0]","[4.0, 5.0, 7.0]"
150463,x_static,preprocessed,"(6, 256, 256)",False,3.1380149722099304,0.1984835224396538,131072,-2.9676434993743896,3.5070440769195557,-2.9676437377929688,3.5070443153381348,,
150463,x_hilda_prior,preprocessed,"(1, 256, 256)",False,5.0,1.050445556640625,65532,7.0,7.0,2.0,7.0,,
150463,hilda_target,preprocessed,"(2, 256, 256)",False,5.0,1.05169677734375,131064,7.0,7.0,2.0,7.0,[7.0],"[2.0, 3.0, 6.0, 7.0]"
3426706,x_continuous,new,"(2, 15, 256, 256)",True,9.5367431640625e-07,2.46291165240109e-10,0,-18.42068099975586,3.5449912548065186,-18.42068099975586,3.5449912548065186,,
3426706,x_kg,new,"(2, 1, 256, 256)",True,0.0,0.0,0,27.0,27.0,27.0,27.0,[27.0],[27.0]
3426706,x_static,new,"(6, 256, 256)",False,769.9937493801117,111.00034519409529,393216,0.07468792796134949,771.0,-2.095134735107422,3.333176612854004,,
3426706,x_hilda_prior,new,"(1, 256, 256)",True,0.0,0.0,0,3.0,7.0,3.0,7.0,,
3426706,hilda_target,new,"(2, 256, 256)",True,0.0,0.0,0,3.0,7.0,3.0,7.0,"[3.0, 4.0, 5.0, 6.0, 7.0]","[3.0, 4.0, 5.0, 6.0, 7.0]"
3426706,x_continuous,preprocessed,"(2, 15, 256, 256)",False,18.42068099975586,1.142274759422289,393216,-0.6074102520942688,3.426170825958252,-18.42068099975586,3.5449912548065186,,
3426706,x_kg,preprocessed,"(2, 1, 256, 256)",True,0.0,0.0,0,27.0,27.0,27.0,27.0,[27.0],[27.0]
3426706,x_static,preprocessed,"(6, 256, 256)",False,3.0864354968070984,0.19922649640282866,131072,-1.7261621952056885,3.333176612854004,-2.095134735107422,3.333176612854004,,
3426706,x_hilda_prior,preprocessed,"(1, 256, 256)",False,4.0,2.95562744140625,65234,7.0,7.0,3.0,7.0,,
3426706,hilda_target,preprocessed,"(2, 256, 256)",False,4.0,2.9577178955078125,130468,7.0,7.0,3.0,7.0,[7.0],"[3.0, 4.0, 5.0, 6.0, 7.0]"
3268856,x_continuous,new,"(2, 15, 256, 256)",True,4.76837158203125e-07,8.858431978694033e-10,0,-2.0644736289978027,5.452919006347656,-2.0644736289978027,5.452919006347656,,
3268856,x_kg,new,"(2, 1, 256, 256)",True,0.0,0.0,0,23.0,30.0,23.0,30.0,"[23.0, 29.0, 30.0]","[23.0, 29.0, 30.0]"
3268856,x_static,new,"(6, 256, 256)",False,6116.977152347565,862.6190348179125,391525,0.0,6120.0,-2.1878726482391357,5.203858852386475,,
3268856,x_hilda_prior,new,"(1, 256, 256)",True,0.0,0.0,0,1.0,7.0,1.0,7.0,,
3268856,hilda_target,new,"(2, 256, 256)",True,0.0,0.0,0,1.0,7.0,1.0,7.0,"[1.0, 3.0, 6.0, 7.0]","[1.0, 3.0, 6.0, 7.0]"
3268856,x_continuous,preprocessed,"(2, 15, 256, 256)",False,2.183930866420269,0.049270190355303785,393216,-0.4653126299381256,5.457193374633789,-2.0644736289978027,5.452919006347656,,
3268856,x_kg,preprocessed,"(2, 1, 256, 256)",True,0.0,0.0,0,23.0,30.0,23.0,30.0,"[23.0, 29.0, 30.0]","[23.0, 29.0, 30.0]"
3268856,x_static,preprocessed,"(6, 256, 256)",False,3.296881675720215,0.2585881174537353,132696,-3.296881675720215,5.203858852386475,-2.1878726482391357,5.203858852386475,,
3268856,x_hilda_prior,preprocessed,"(1, 256, 256)",False,6.0,3.94219970703125,65066,7.0,7.0,1.0,7.0,,
3268856,hilda_target,preprocessed,"(2, 256, 256)",False,6.0,3.9422607421875,130132,7.0,7.0,1.0,7.0,[7.0],"[1.0, 3.0, 6.0, 7.0]"
3792657,x_continuous,new,"(2, 15, 256, 256)",True,0.0,0.0,0,-18.42068099975586,0.0,-18.42068099975586,0.0,,
3792657,x_kg,new,"(2, 1, 256, 256)",True,0.0,0.0,0,30.0,30.0,30.0,30.0,[30.0],[30.0]
3792657,x_static,new,"(6, 256, 256)",False,3243.0610402822495,517.9222084953495,65536,0.0,3245.0,0.0,1.9389597177505493,,
3792657,x_hilda_prior,new,"(1, 256, 256)",True,0.0,0.0,0,0.0,0.0,0.0,0.0,,
3792657,hilda_target,new,"(2, 256, 256)",True,0.0,0.0,0,0.0,0.0,0.0,0.0,[0.0],[0.0]
3792657,x_continuous,preprocessed,"(2, 15, 256, 256)",False,18.42068099975586,1.23418843348821,393216,-0.7534939646720886,0.0,-18.42068099975586,0.0,,
3792657,x_kg,preprocessed,"(2, 1, 256, 256)",True,0.0,0.0,0,30.0,30.0,30.0,30.0,[30.0],[30.0]
3792657,x_static,preprocessed,"(6, 256, 256)",False,3.296881675720215,1.5471096509803222,393216,-3.296881675720215,2.0,0.0,1.9389597177505493,,
3792657,x_hilda_prior,preprocessed,"(1, 256, 256)",True,0.0,0.0,0,0.0,0.0,0.0,0.0,,
3792657,hilda_target,preprocessed,"(2, 256, 256)",True,0.0,0.0,0,0.0,0.0,0.0,0.0,[0.0],[0.0]
786937,x_continuous,new,"(2, 15, 256, 256)",True,1.9073486328125e-06,6.947054487227434e-10,0,-18.42068099975586,7.246561527252197,-18.42068099975586,7.246561527252197,,
786937,x_kg,new,"(2, 1, 256, 256)",False,31.0,9.21636962890625,38968,0.0,29.0,7.0,31.0,"[0.0, 7.0, 8.0, 9.0, 14.0, 15.0, 17.0, 18.0, 19.0, 25.0, 26.0, 27.0, 29.0]","[7.0, 8.0, 9.0, 14.0, 15.0, 17.0, 18.0, 19.0, 25.0, 26.0, 27.0, 29.0, 31.0]"
786937,x_static,new,"(6, 256, 256)",False,3673.898551464081,313.61359871338544,296388,-2043.0,3676.0,-2.99269437789917,7.390949249267578,,
786937,x_hilda_prior,new,"(1, 256, 256)",True,0.0,0.0,0,0.0,7.0,0.0,7.0,,
786937,hilda_target,new,"(2, 256, 256)",True,0.0,0.0,0,0.0,7.0,0.0,7.0,"[0.0, 1.0, 2.0, 3.0, 4.0, 5.0, 6.0, 7.0]","[0.0, 1.0, 2.0, 3.0, 4.0, 5.0, 6.0, 7.0]"
786937,x_continuous,preprocessed,"(2, 15, 256, 256)",False,18.42068099975586,0.3103950899697458,393216,-0.7534939646720886,7.247273921966553,-18.42068099975586,7.246561527252197,,
786937,x_kg,preprocessed,"(2, 1, 256, 256)",False,31.0,9.21636962890625,38968,0.0,29.0,7.0,31.0,"[0.0, 7.0, 8.0, 9.0, 14.0, 15.0, 17.0, 18.0, 19.0, 25.0, 26.0, 27.0, 29.0]","[7.0, 8.0, 9.0, 14.0, 15.0, 17.0, 18.0, 19.0, 25.0, 26.0, 27.0, 29.0, 31.0]"
786937,x_static,preprocessed,"(6, 256, 256)",False,3.296881675720215,0.6224351881143387,208589,-3.296881675720215,7.390949249267578,-2.99269437789917,7.390949249267578,,
786937,x_hilda_prior,preprocessed,"(1, 256, 256)",False,6.0,2.463714599609375,45835,0.0,7.0,0.0,7.0,,
786937,hilda_target,preprocessed,"(2, 256, 256)",False,6.0,2.4423751831054688,91670,0.0,7.0,0.0,7.0,"[0.0, 7.0]","[0.0, 1.0, 2.0, 3.0, 4.0, 5.0, 6.0, 7.0]"
