var,chunk_file,size_bytes
ASPECT,15.21,557043
ASPECT,30.30,4248
ASPECT,19.1,4248
ASPECT,4.21,846349
ASPECT,17.65,4248
ASPECT,26.56,4248
ASPECT,30.63,4248
ASPECT,4.8,842090
ASPECT,23.15,4248
ASPECT,32.3,4248
ASPECT,34.16,4248
ASPECT,28.37,4248
ASPECT,25.26,4248
ASPECT,17.40,882364
ASPECT,29.51,4248
ASPECT,14.12,4248
ASPECT,23.51,4248
ASPECT,27.40,4248
ASPECT,29.37,4248
ASPECT,27.18,4248
ASPECT,14.16,425970
ASPECT,22.66,4248
ASPECT,7.15,836285
ASPECT,26.22,225496
ASPECT,34.38,4248
ASPECT,16.53,62685
ASPECT,31.15,4248
ASPECT,33.13,4248
ASPECT,35.10,4258
ASPECT,26.31,4248
ASPECT,34.53,4248
ASPECT,11.62,5061
ASPECT,29.43,4248
ASPECT,35.59,4258
ASPECT,12.68,4248
ASPECT,9.43,800739
ASPECT,16.59,212642
ASPECT,25.61,4248
ASPECT,18.58,248399
ASPECT,1.46,134484
ASPECT,16.55,201028
ASPECT,16.50,97249
ASPECT,21.25,888697
ASPECT,26.62,4248
ASPECT,22.60,870066
ASPECT,6.23,274461
ASPECT,34.1,4248
ASPECT,29.12,4248
ASPECT,2.11,133000
ASPECT,2.54,455409
ASPECT,27.32,4248
ASPECT,29.54,4248
ASPECT,11.4,4248
ASPECT,34.22,4248
ASPECT,5.58,881604
ASPECT,5.47,882037
ASPECT,17.11,4248
ASPECT,31.5,4248
ASPECT,6.3,158329
ASPECT,22.4,4248
ASPECT,17.50,4248
ASPECT,6.36,257272
ASPECT,8.11,869075
ASPECT,31.28,4248
ASPECT,4.0,500684
ASPECT,24.14,4248
ASPECT,3.58,646565
ASPECT,34.59,4248
ASPECT,18.49,4320
ASPECT,1.56,4248
ASPECT,19.40,882934
ASPECT,28.59,4248
ASPECT,33.0,4248
ASPECT,3.33,8831
ASPECT,24.56,4248
ASPECT,34.58,4248
ASPECT,19.45,4248
ASPECT,12.0,4248
ASPECT,30.36,4248
ASPECT,8.8,4248
ASPECT,24.52,4248
ASPECT,20.57,4248
ASPECT,17.17,35891
ASPECT,29.63,4248
ASPECT,14.38,870365
ASPECT,5.57,887484
ASPECT,27.16,4248
ASPECT,18.0,4248
ASPECT,5.44,885604
ASPECT,13.23,4248
ASPECT,13.63,4730
ASPECT,23.67,4609
ASPECT,18.26,866228
ASPECT,29.35,4248
ASPECT,1.20,543925
ASPECT,12.30,4248
ASPECT,28.38,4248
ASPECT,14.17,745423
ASPECT,5.5,793274
ASPECT,21.32,4248
LULC_states,0.35.42,4248
LULC_states,13.29.69,4248
LULC_states,3.1.69,4248
LULC_states,8.12.51,108053
LULC_states,4.19.52,4248
LULC_states,8.15.45,16933
LULC_states,3.31.37,7002
LULC_states,5.17.59,31132
LULC_states,12.1.5,4248
LULC_states,0.0.70,4312
LULC_states,12.11.44,97311
LULC_states,0.11.21,4248
LULC_states,11.8.42,103919
LULC_states,10.7.56,113852
LULC_states,5.10.34,117719
LULC_states,4.17.70,4312
LULC_states,5.12.65,4270
LULC_states,10.13.49,104960
LULC_states,7.31.42,8682
LULC_states,7.12.59,6200
LULC_states,15.31.19,7004
LULC_states,13.9.37,74970
LULC_states,2.21.66,4258
LULC_states,2.32.51,4248
LULC_states,6.15.65,4268
LULC_states,7.19.2,4292
LULC_states,8.20.23,114142
LULC_states,15.35.7,4258
LULC_states,11.1.23,9504
LULC_states,1.26.20,80695
LULC_states,11.12.30,4248
LULC_states,8.1.14,4248
LULC_states,11.8.19,116244
LULC_states,14.35.65,4248
LULC_states,0.5.68,47449
LULC_states,10.2.36,4248
LULC_states,8.24.31,4248
LULC_states,14.2.35,4248
LULC_states,14.28.24,4248
LULC_states,15.17.36,13102
LULC_states,13.26.25,4248
LULC_states,7.26.55,4248
LULC_states,14.0.19,4248
LULC_states,15.20.65,4248
LULC_states,9.30.45,6228
LULC_states,0.3.26,4248
LULC_states,11.19.63,38728
LULC_states,10.1.6,4248
LULC_states,5.25.24,4248
LULC_states,5.12.12,12954
LULC_states,9.6.21,89721
LULC_states,13.13.29,4248
LULC_states,7.14.30,9596
LULC_states,5.5.60,48567
LULC_states,2.4.2,16356
LULC_states,10.33.69,5400
LULC_states,11.9.47,81938
LULC_states,3.23.62,82581
LULC_states,1.21.18,4248
LULC_states,2.17.70,4312
LULC_states,5.24.31,4248
LULC_states,14.17.29,4248
LULC_states,14.15.52,4248
LULC_states,5.4.57,41296
LULC_states,2.15.56,51025
LULC_states,11.8.30,4248
LULC_states,4.34.33,4248
LULC_states,11.5.43,110331
LULC_states,2.20.39,88690
LULC_states,4.34.14,4248
LULC_states,12.22.0,4248
LULC_states,2.16.11,4248
LULC_states,3.35.39,4248
LULC_states,13.10.32,4248
LULC_states,15.10.13,82723
LULC_states,4.25.56,4248
LULC_states,2.17.60,38523
LULC_states,4.35.13,4248
LULC_states,4.18.61,48604
LULC_states,3.12.51,113772
LULC_states,2.10.59,57587
LULC_states,11.33.41,4248
LULC_states,11.30.28,4248
LULC_states,13.25.50,4290
LULC_states,15.27.39,4248
LULC_states,12.2.18,30208
LULC_states,3.24.42,4248
LULC_states,7.3.62,49652
LULC_states,10.3.17,24018
LULC_states,7.24.49,4248
LULC_states,11.19.45,4346
LULC_states,10.16.40,93473
LULC_states,8.5.28,4248
LULC_states,8.0.30,4248
LULC_states,4.0.25,4248
LULC_states,4.15.70,4312
LULC_states,1.19.66,19486
LULC_states,14.28.41,4248
LULC_states,8.33.61,4248
LULC_states,1.20.69,6251
SLOPE,22.30,4248
SLOPE,3.21,228531
SLOPE,31.21,4248
SLOPE,7.25,4248
SLOPE,33.17,4248
SLOPE,14.63,10114
SLOPE,4.64,882525
SLOPE,3.32,4248
SLOPE,4.51,887464
SLOPE,21.52,4248
SLOPE,2.40,30202
SLOPE,6.39,536170
SLOPE,23.13,4248
SLOPE,8.12,889517
SLOPE,20.10,4248
SLOPE,5.64,852486
SLOPE,13.33,879770
SLOPE,17.57,882135
SLOPE,33.9,4248
SLOPE,9.49,863038
SLOPE,17.37,882381
SLOPE,16.64,5161
SLOPE,6.12,878478
SLOPE,2.8,4248
SLOPE,35.69,4258
SLOPE,14.41,872122
SLOPE,35.44,4258
SLOPE,13.6,4248
SLOPE,16.56,12682
SLOPE,18.59,99305
SLOPE,1.21,467371
SLOPE,8.18,607010
SLOPE,6.23,273609
SLOPE,10.52,878584
SLOPE,32.54,4248
SLOPE,34.16,4248
SLOPE,22.32,4248
SLOPE,23.64,873344
SLOPE,23.42,4248
SLOPE,4.23,27137
SLOPE,17.42,876270
SLOPE,4.26,823327
SLOPE,35.16,4258
SLOPE,6.49,880640
SLOPE,4.11,747988
SLOPE,1.14,4248
SLOPE,18.42,800850
SLOPE,16.8,4248
SLOPE,4.33,4248
SLOPE,9.12,889154
SLOPE,26.50,4248
SLOPE,25.39,4248
SLOPE,0.25,4248
SLOPE,18.45,5556
SLOPE,3.13,573114
SLOPE,21.8,6442
SLOPE,22.33,4248
SLOPE,23.10,4248
SLOPE,5.42,840159
SLOPE,17.0,4248
SLOPE,5.51,879944
SLOPE,27.61,4248
SLOPE,33.27,4248
SLOPE,24.17,4248
SLOPE,24.18,4248
SLOPE,34.12,4248
SLOPE,10.47,876176
SLOPE,3.20,487619
SLOPE,28.55,4248
SLOPE,2.25,832053
SLOPE,12.26,4248
SLOPE,0.20,4248
SLOPE,3.60,443168
SLOPE,12.38,879861
SLOPE,6.60,881512
SLOPE,19.9,4248
SLOPE,18.46,5242
SLOPE,11.0,4248
SLOPE,19.44,11483
SLOPE,3.56,791295
SLOPE,32.43,4248
SLOPE,30.28,4248
SLOPE,22.20,4248
SLOPE,15.31,32307
SLOPE,11.47,880273
SLOPE,18.24,891256
SLOPE,10.34,648564
SLOPE,29.64,4248
SLOPE,9.9,4248
SLOPE,22.52,4248
SLOPE,24.6,4248
SLOPE,20.66,4248
SLOPE,32.10,4248
SLOPE,17.41,768985
SLOPE,24.50,4735
SLOPE,6.34,497452
SLOPE,15.61,4248
SLOPE,18.38,887858
SLOPE,10.13,883117
SLOPE,25.48,4248
c3ann,1.15.45,61297
c3ann,11.13.53,605077
c3ann,6.16.19,55759
c3ann,10.32.59,4248
c3ann,2.25.20,188293
c3ann,12.9.10,85676
c3ann,11.35.25,4248
c3ann,4.9.63,120800
c3ann,2.26.20,208674
c3ann,7.27.8,4248
c3ann,4.12.2,4248
c3ann,9.15.34,784912
c3ann,5.31.50,4248
c3ann,8.17.0,4248
c3ann,9.29.13,4248
c3ann,10.32.32,4248
c3ann,5.3.48,7718
c3ann,6.24.7,4248
c3ann,10.26.23,4248
c3ann,13.12.54,794707
c3ann,14.15.15,4248
c3ann,8.16.68,4248
c3ann,15.4.45,5966
c3ann,12.26.40,4248
c3ann,3.6.43,775488
c3ann,12.26.21,520202
c3ann,4.34.48,4248
c3ann,4.21.16,4248
c3ann,1.31.38,4248
c3ann,5.25.2,4248
c3ann,9.22.9,4248
c3ann,2.17.46,4248
c3ann,2.24.48,4248
c3ann,13.19.57,125279
c3ann,2.20.56,4248
c3ann,11.29.3,4248
c3ann,5.5.62,4248
c3ann,2.29.4,4248
c3ann,14.27.13,4248
c3ann,6.26.67,50188
c3ann,15.3.49,15414
c3ann,0.13.39,4248
c3ann,2.20.0,7549
c3ann,8.21.8,4248
c3ann,6.15.65,4248
c3ann,10.27.6,4248
c3ann,0.1.28,4278
c3ann,1.9.2,4248
c3ann,2.14.62,4248
c3ann,12.0.57,4248
c3ann,12.1.38,6712
c3ann,11.5.60,4248
c3ann,7.22.41,625840
c3ann,15.35.32,4248
c3ann,12.29.43,4248
c3ann,6.12.38,140957
c3ann,2.9.14,791278
c3ann,9.16.66,4248
c3ann,7.1.33,4248
c3ann,2.33.49,4248
c3ann,12.33.28,4248
c3ann,15.29.62,4248
c3ann,10.1.24,5376
c3ann,3.17.57,779684
c3ann,14.20.8,4248
c3ann,6.18.1,4248
c3ann,8.6.8,70609
c3ann,14.13.45,119670
c3ann,1.7.60,654000
c3ann,14.10.25,4248
c3ann,6.3.32,4248
c3ann,2.4.2,6644
c3ann,0.11.14,806803
c3ann,14.31.25,4248
c3ann,1.2.21,5878
c3ann,6.24.27,4248
c3ann,2.23.60,4376
c3ann,10.6.43,773050
c3ann,4.1.12,4248
c3ann,10.22.67,4248
c3ann,1.3.46,6874
c3ann,4.16.60,4248
c3ann,8.34.64,4248
c3ann,8.35.32,4248
c3ann,9.33.60,4248
c3ann,10.16.66,4248
c3ann,12.32.51,4248
c3ann,4.21.15,4248
c3ann,8.21.44,553270
c3ann,8.20.27,456144
c3ann,4.14.2,4248
c3ann,2.5.19,10082
c3ann,12.0.68,4248
c3ann,15.9.32,4248
c3ann,13.6.37,513849
c3ann,2.14.5,4248
c3ann,12.28.44,4248
c3ann,4.24.56,4248
c3ann,11.15.43,659307
c3ann,11.2.16,13368
c3nfx,12.4.34,4248
c3nfx,6.17.9,4248
c3nfx,10.3.54,4248
c3nfx,14.17.50,4248
c3nfx,7.23.13,4248
c3nfx,12.5.56,4248
c3nfx,13.11.51,153731
c3nfx,2.26.45,4248
c3nfx,12.5.62,4248
c3nfx,10.25.39,4248
c3nfx,10.30.6,4248
c3nfx,12.5.26,4608
c3nfx,14.1.21,5574
c3nfx,3.26.39,4248
c3nfx,2.15.9,4248
c3nfx,7.6.10,509779
c3nfx,11.15.61,4248
c3nfx,15.14.36,487514
c3nfx,4.5.37,756775
c3nfx,10.7.38,718972
c3nfx,3.30.46,4248
c3nfx,9.17.19,349817
c3nfx,5.12.59,8737
c3nfx,4.35.9,4248
c3nfx,2.21.18,4248
c3nfx,6.1.1,4248
c3nfx,10.15.61,4248
c3nfx,12.23.34,4248
c3nfx,6.21.65,4248
c3nfx,5.17.6,4248
c3nfx,0.26.14,4248
c3nfx,11.24.27,4248
c3nfx,10.26.12,4248
c3nfx,8.18.28,110243
c3nfx,9.26.23,4248
c3nfx,11.35.4,4248
c3nfx,9.2.69,4248
c3nfx,14.33.50,4248
c3nfx,0.32.44,4248
c3nfx,14.29.58,4248
c3nfx,6.22.10,4248
c3nfx,2.14.27,4248
c3nfx,0.4.11,4348
c3nfx,12.32.48,4248
c3nfx,6.17.2,4248
c3nfx,4.26.12,4248
c3nfx,11.25.50,4248
c3nfx,4.24.7,4248
c3nfx,9.28.43,4248
c3nfx,4.32.47,4248
c3nfx,14.34.36,4248
c3nfx,12.1.30,6248
c3nfx,9.35.39,4248
c3nfx,12.17.33,4248
c3nfx,5.35.51,4248
c3nfx,6.8.20,727471
c3nfx,9.9.9,4248
c3nfx,6.5.0,4248
c3nfx,10.3.21,5536
c3nfx,2.12.0,4248
c3nfx,2.6.37,510661
c3nfx,5.2.34,4248
c3nfx,11.19.28,138156
c3nfx,10.34.54,4248
c3nfx,15.4.20,14282
c3nfx,10.13.48,126303
c3nfx,15.18.48,4248
c3nfx,8.26.37,4248
c3nfx,5.30.65,4248
c3nfx,7.25.37,4248
c3nfx,15.35.54,4248
c3nfx,13.23.18,4248
c3nfx,14.31.13,4248
c3nfx,3.21.35,4248
c3nfx,5.1.53,7122
c3nfx,6.7.65,7421
c3nfx,3.5.31,4362
c3nfx,10.35.68,4248
c3nfx,3.24.30,4248
c3nfx,13.1.15,4296
c3nfx,0.10.62,354032
c3nfx,12.27.56,4248
c3nfx,6.14.6,4248
c3nfx,2.3.25,4326
c3nfx,2.15.36,709914
c3nfx,7.20.28,4248
c3nfx,5.27.62,4248
c3nfx,10.33.68,4248
c3nfx,12.28.63,4248
c3nfx,2.31.67,4248
c3nfx,0.27.47,4248
c3nfx,1.34.58,4248
c3nfx,5.16.41,811468
c3nfx,6.12.30,4248
c3nfx,13.9.53,497833
c3nfx,12.22.1,4248
c3nfx,3.7.43,674891
c3nfx,0.1.60,4248
c3nfx,5.7.62,438481
c3nfx,11.15.65,4248
c3per,7.7.37,743506
c3per,9.9.11,391989
c3per,9.8.22,380111
c3per,2.23.17,4248
c3per,4.28.35,4248
c3per,4.19.31,4248
c3per,5.2.18,8948
c3per,13.23.55,4248
c3per,2.10.26,4248
c3per,4.0.4,4248
c3per,2.3.27,4248
c3per,14.30.56,4248
c3per,11.9.59,703285
c3per,8.8.64,10037
c3per,8.26.38,4248
c3per,10.30.3,4248
c3per,0.18.10,4248
c3per,6.6.30,4248
c3per,7.11.1,4248
c3per,13.19.55,5427
c3per,8.27.44,4248
c3per,12.13.33,38734
c3per,9.27.38,4248
c3per,4.35.33,4248
c3per,2.18.46,4248
c3per,5.10.63,4248
c3per,15.12.5,4248
c3per,1.21.13,4248
c3per,11.2.53,6496
c3per,10.20.31,4248
c3per,0.2.21,5878
c3per,12.0.50,4248
c3per,14.9.50,727346
c3per,8.13.66,4248
c3per,8.2.41,4248
c3per,0.20.31,4248
c3per,8.8.41,454334
c3per,14.5.16,4576
c3per,10.29.24,4248
c3per,0.35.14,4248
c3per,10.35.55,4248
c3per,14.33.30,4248
c3per,13.30.68,4248
c3per,11.15.56,198430
c3per,15.5.34,7566
c3per,0.6.27,4248
c3per,15.23.32,4248
c3per,10.21.32,4248
c3per,15.30.12,4248
c3per,11.33.10,4248
c3per,9.15.24,4248
c3per,9.32.59,4248
c3per,15.4.30,8374
c3per,0.19.33,4248
c3per,1.21.19,4248
c3per,9.27.33,4248
c3per,14.17.3,4248
c3per,4.32.52,4248
c3per,1.34.63,4248
c3per,13.19.45,4248
c3per,0.13.12,4248
c3per,9.0.53,4248
c3per,8.7.18,122274
c3per,15.33.54,4248
c3per,14.27.40,4248
c3per,1.10.6,4248
c3per,6.1.33,4248
c3per,3.9.16,33526
c3per,13.15.47,4248
c3per,10.1.42,4248
c3per,0.7.28,4248
c3per,2.8.21,425818
c3per,3.34.66,4248
c3per,15.33.61,4248
c3per,12.23.67,4248
c3per,13.7.22,114228
c3per,13.30.28,4248
c3per,9.35.29,4248
c3per,1.35.22,4248
c3per,4.19.44,9077
c3per,4.29.62,4248
c3per,15.14.58,263309
c3per,13.0.19,4248
c3per,15.6.61,35308
c3per,0.6.12,389225
c3per,7.25.13,4248
c3per,4.26.31,4248
c3per,11.23.64,720343
c3per,10.1.13,4248
c3per,5.0.27,4248
c3per,4.23.32,4248
c3per,9.3.26,4248
c3per,8.14.70,4248
c3per,1.18.57,226678
c3per,13.34.5,4248
c3per,4.1.13,4248
c3per,9.25.23,108131
c3per,4.11.18,233319
c3per,11.30.31,4248
c3per,8.18.25,770635
c4ann,13.17.37,762748
c4ann,9.14.18,353878
c4ann,15.8.13,319466
c4ann,4.22.9,4248
c4ann,14.14.29,4248
c4ann,0.5.21,12790
c4ann,12.35.33,4248
c4ann,2.7.16,467511
c4ann,12.16.6,4248
c4ann,15.13.26,4248
c4ann,4.28.33,4248
c4ann,13.29.3,4248
c4ann,3.12.15,789308
c4ann,1.1.38,6712
c4ann,2.23.2,4248
c4ann,8.5.51,26706
c4ann,4.4.34,4248
c4ann,14.3.52,4318
c4ann,14.8.38,747224
c4ann,8.22.55,4248
c4ann,0.12.64,4248
c4ann,7.34.6,4248
c4ann,4.34.52,4248
c4ann,2.24.11,4248
c4ann,13.25.10,4248
c4ann,12.19.36,4248
c4ann,8.18.37,482332
c4ann,4.13.24,4248
c4ann,12.10.53,43248
c4ann,15.34.20,4248
c4ann,0.27.21,268481
c4ann,12.3.22,4248
c4ann,11.18.24,525190
c4ann,0.14.54,656374
c4ann,11.24.57,31152
c4ann,11.0.19,4248
c4ann,12.26.42,4248
c4ann,4.27.48,4360
c4ann,13.8.54,4248
c4ann,4.21.49,4248
c4ann,4.9.43,669986
c4ann,15.8.39,743560
c4ann,13.20.44,477566
c4ann,3.14.70,4248
c4ann,11.28.11,4248
c4ann,14.13.39,4248
c4ann,14.24.23,691572
c4ann,14.21.68,11043
c4ann,4.4.13,7024
c4ann,3.25.5,4248
c4ann,8.16.57,172245
c4ann,9.22.11,4248
c4ann,5.23.32,4248
c4ann,7.7.13,247465
c4ann,3.19.69,4248
c4ann,10.34.11,4248
c4ann,2.7.46,757036
c4ann,11.9.5,4248
c4ann,8.29.22,4248
c4ann,15.1.57,4248
c4ann,11.19.16,4248
c4ann,13.11.51,159054
c4ann,11.13.55,738583
c4ann,8.19.37,190354
c4ann,9.13.29,4248
c4ann,1.11.32,13664
c4ann,14.21.32,4248
c4ann,8.26.3,4248
c4ann,12.31.54,4248
c4ann,1.33.13,4248
c4ann,4.9.38,348367
c4ann,0.29.5,4248
c4ann,14.0.3,4248
c4ann,0.25.37,4248
c4ann,3.20.10,4248
c4ann,15.10.18,775207
c4ann,9.27.12,4248
c4ann,1.19.12,4248
c4ann,9.34.65,4248
c4ann,10.33.29,4248
c4ann,9.8.51,744784
c4ann,11.23.57,118920
c4ann,9.0.10,4248
c4ann,2.27.11,4248
c4ann,4.33.15,4248
c4ann,13.10.44,706757
c4ann,7.34.49,4248
c4ann,12.26.60,4248
c4ann,6.23.9,4248
c4ann,12.21.58,305180
c4ann,14.18.64,116051
c4ann,5.21.26,760041
c4ann,3.21.37,96461
c4ann,7.35.8,4248
c4ann,0.0.16,4248
c4ann,1.22.38,196700
c4ann,8.9.17,682425
c4ann,11.32.62,4248
c4ann,6.19.39,800586
c4ann,15.2.27,4248
c4per,15.25.10,4248
c4per,4.2.13,4658
c4per,12.35.37,4248
c4per,13.24.50,4248
c4per,13.10.4,4248
c4per,9.2.11,6208
c4per,10.26.32,4248
c4per,3.28.8,4248
c4per,14.2.44,4248
c4per,6.6.33,6672
c4per,5.0.50,4248
c4per,15.7.30,4248
c4per,6.26.19,4248
c4per,6.16.30,4248
c4per,11.30.69,4248
c4per,8.8.68,4248
c4per,10.24.0,4248
c4per,12.10.16,4248
c4per,9.18.27,312284
c4per,0.1.49,4248
c4per,2.34.16,4248
c4per,4.1.41,4248
c4per,10.27.34,4248
c4per,9.15.55,332252
c4per,4.13.8,4248
c4per,11.25.43,4248
c4per,7.33.69,4248
c4per,11.25.8,4248
c4per,1.16.4,4248
c4per,9.9.7,4248
c4per,12.29.36,4248
c4per,5.21.60,168856
c4per,4.20.26,731188
c4per,6.8.39,4248
c4per,5.12.54,603044
c4per,9.8.62,16072
c4per,2.21.48,4248
c4per,10.16.15,4248
c4per,6.33.34,4248
c4per,14.18.24,221555
c4per,9.26.51,4248
c4per,7.12.56,562250
c4per,9.0.49,4248
c4per,8.19.6,4248
c4per,13.24.6,4248
c4per,12.19.14,4248
c4per,0.9.55,114240
c4per,1.12.36,4248
c4per,11.9.14,17748
c4per,4.7.23,4998
c4per,15.2.63,6308
c4per,11.2.45,4248
c4per,7.25.14,4248
c4per,3.33.49,4248
c4per,2.25.70,4248
c4per,9.12.34,39502
c4per,12.31.22,4248
c4per,15.21.49,4248
c4per,0.0.37,4248
c4per,1.35.47,4248
c4per,12.28.58,4248
c4per,7.24.9,4248
c4per,11.18.20,561814
c4per,14.21.64,143689
c4per,9.33.58,4248
c4per,4.13.40,51130
c4per,14.23.38,163997
c4per,7.15.60,4248
c4per,15.12.27,4248
c4per,4.4.61,4248
c4per,0.32.48,4248
c4per,6.31.19,4248
c4per,12.33.18,4248
c4per,1.18.15,4248
c4per,11.4.69,4328
c4per,0.26.53,4248
c4per,12.7.6,4248
c4per,11.22.7,4248
c4per,7.9.13,46116
c4per,14.33.9,4248
c4per,12.34.40,4248
c4per,4.18.48,4248
c4per,6.10.57,100421
c4per,14.19.58,120192
c4per,0.24.38,8158
c4per,3.25.31,4248
c4per,3.22.38,4500
c4per,11.21.40,472674
c4per,0.30.14,4248
c4per,15.17.44,6122
c4per,1.13.17,188616
c4per,4.26.42,4248
c4per,2.9.46,5172
c4per,2.13.20,160419
c4per,14.19.42,136897
c4per,7.12.54,603054
c4per,11.30.3,4248
c4per,3.2.26,4248
c4per,0.25.50,4248
c4per,8.27.11,4248
elevation,3.1,123212
elevation,11.6,331458
elevation,34.18,117739
elevation,11.34,306975
elevation,31.54,194009
elevation,35.50,7488
elevation,32.44,144774
elevation,35.70,3899
elevation,22.28,289329
elevation,32.48,235707
elevation,9.46,247903
elevation,2.18,319441
elevation,34.47,68272
elevation,26.70,94880
elevation,25.30,296734
elevation,7.66,332185
elevation,2.66,103186
elevation,28.18,316862
elevation,10.69,319955
elevation,33.46,113550
elevation,8.39,309384
elevation,33.60,151759
elevation,3.18,297571
elevation,29.54,270812
elevation,4.35,291707
elevation,17.70,100848
elevation,26.23,275752
elevation,4.56,298490
elevation,21.54,322239
elevation,17.1,310945
elevation,31.12,265996
elevation,32.27,179058
elevation,32.29,245073
elevation,20.63,307873
elevation,2.63,115198
elevation,30.41,293072
elevation,34.15,125094
elevation,3.9,258961
elevation,28.47,301493
elevation,5.44,263498
elevation,21.25,306873
elevation,8.69,320202
elevation,12.4,328939
elevation,2.38,302079
elevation,10.45,290749
elevation,8.21,317140
elevation,21.45,304029
elevation,20.54,333601
elevation,15.53,345715
elevation,17.58,342582
elevation,25.0,291856
elevation,4.42,274054
elevation,24.37,289455
elevation,32.69,184138
elevation,20.67,353585
elevation,29.4,310179
elevation,14.13,350313
elevation,23.32,342737
elevation,9.42,319186
elevation,35.31,4262
elevation,18.21,263383
elevation,20.23,294159
elevation,20.50,313783
elevation,29.6,303770
elevation,18.3,333774
elevation,9.14,326616
elevation,3.63,173822
elevation,30.64,269706
elevation,18.19,368320
elevation,1.56,243774
elevation,0.53,254765
elevation,1.0,283049
elevation,0.28,252209
elevation,10.34,337267
elevation,28.16,330986
elevation,32.61,173350
elevation,30.65,257848
elevation,33.16,170627
elevation,8.33,304206
elevation,33.22,134566
elevation,26.57,287372
elevation,8.53,326779
elevation,6.62,272582
elevation,18.13,316430
elevation,24.35,305042
elevation,9.60,343060
elevation,16.38,300525
elevation,24.9,324445
elevation,0.67,214793
elevation,10.22,288106
elevation,29.5,312770
elevation,16.50,310950
elevation,14.0,330925
elevation,8.31,330333
elevation,20.70,115662
elevation,26.34,318161
elevation,19.25,299404
elevation,16.29,340792
elevation,13.58,339041
elevation,21.31,345209
kg_class,2.2.37,17990
kg_class,12.31.69,4248
kg_class,6.4.56,41062
kg_class,7.7.48,40821
kg_class,10.28.0,4248
kg_class,15.35.35,4258
kg_class,3.14.16,46751
kg_class,1.13.2,4248
kg_class,5.0.13,4248
kg_class,12.10.21,4248
kg_class,3.27.61,4248
kg_class,6.18.26,20779
kg_class,13.4.9,42777
kg_class,2.2.64,7069
kg_class,1.18.66,4408
kg_class,14.13.16,29891
kg_class,6.0.2,4248
kg_class,12.21.44,64717
kg_class,14.0.61,4248
kg_class,5.35.56,4258
kg_class,14.14.70,4312
kg_class,2.12.11,4248
kg_class,1.32.14,5238
kg_class,10.10.13,59976
kg_class,15.9.9,4248
kg_class,15.17.13,4248
kg_class,11.11.17,14208
kg_class,5.3.47,5194
kg_class,4.29.70,4312
kg_class,10.2.64,7043
kg_class,8.24.41,4248
kg_class,5.18.65,13812
kg_class,12.23.19,4248
kg_class,8.31.46,4248
kg_class,15.22.39,19718
kg_class,15.13.57,20225
kg_class,14.10.17,29491
kg_class,10.15.5,4248
kg_class,3.9.38,52116
kg_class,5.35.23,4258
kg_class,4.8.69,4248
kg_class,3.7.34,22308
kg_class,15.19.6,4248
kg_class,12.2.26,4248
kg_class,3.27.54,4248
kg_class,3.18.47,4248
kg_class,11.10.16,28587
kg_class,6.16.38,18523
kg_class,2.13.39,4248
kg_class,12.18.68,4248
kg_class,14.5.69,31467
kg_class,12.32.61,4248
kg_class,8.0.12,4248
kg_class,15.8.7,4248
kg_class,2.1.3,4248
kg_class,9.6.63,5362
kg_class,2.4.63,84700
kg_class,14.14.22,8330
kg_class,2.25.11,4248
kg_class,10.17.0,4280
kg_class,4.24.21,71134
kg_class,0.3.11,11258
kg_class,11.11.51,99368
kg_class,13.21.20,4248
kg_class,3.24.42,4248
kg_class,11.5.69,33539
kg_class,14.0.2,4248
kg_class,12.3.39,24008
kg_class,14.17.5,4248
kg_class,4.6.11,47781
kg_class,4.35.25,4258
kg_class,3.7.61,37930
kg_class,0.13.52,33952
kg_class,9.5.47,21186
kg_class,7.21.70,6534
kg_class,13.27.59,4248
kg_class,9.5.25,28006
kg_class,1.27.21,49010
kg_class,10.34.46,4248
kg_class,15.26.24,4248
kg_class,0.16.63,4354
kg_class,10.25.38,4248
kg_class,4.28.23,4248
kg_class,9.20.69,5555
kg_class,13.2.58,4248
kg_class,1.18.68,4248
kg_class,13.7.19,63650
kg_class,1.13.44,4248
kg_class,0.0.62,4248
kg_class,2.22.35,4248
kg_class,8.31.56,4248
kg_class,13.10.14,53345
kg_class,4.34.50,4248
kg_class,1.17.3,4272
kg_class,11.13.10,4248
kg_class,7.24.64,40991
kg_class,5.24.11,4248
kg_class,12.1.69,4248
kg_class,10.8.27,4248
kg_class,2.29.32,4248
latitude,0,6743
longitude,0,8634
number_of_people,15.4.47,158830
number_of_people,6.9.21,180190
number_of_people,15.3.27,4248
number_of_people,6.32.47,4248
number_of_people,2.9.11,521102
number_of_people,14.9.20,523972
number_of_people,14.4.65,4248
number_of_people,8.24.13,4248
number_of_people,7.14.23,57823
number_of_people,12.28.52,4248
number_of_people,6.2.33,4248
number_of_people,3.25.19,4248
number_of_people,8.25.8,4248
number_of_people,7.33.16,4248
number_of_people,6.21.43,206761
number_of_people,8.18.41,599335
number_of_people,1.19.38,640910
number_of_people,0.35.15,4258
number_of_people,15.15.7,4248
number_of_people,11.31.53,4248
number_of_people,1.1.34,4248
number_of_people,3.1.53,4248
number_of_people,13.12.18,12837
number_of_people,5.8.52,555659
number_of_people,8.0.31,4248
number_of_people,12.26.56,4248
number_of_people,8.21.65,4248
number_of_people,0.4.60,129912
number_of_people,9.10.69,4248
number_of_people,12.7.49,490193
number_of_people,0.3.3,12514
number_of_people,13.12.4,4248
number_of_people,15.2.37,4248
number_of_people,9.3.55,37102
number_of_people,14.7.35,324493
number_of_people,5.15.48,4248
number_of_people,6.17.41,547462
number_of_people,1.23.4,4248
number_of_people,2.0.1,4248
number_of_people,15.7.57,377044
number_of_people,1.12.44,372560
number_of_people,7.29.24,4248
number_of_people,2.31.23,4248
number_of_people,14.27.66,4248
number_of_people,13.15.53,51930
number_of_people,7.32.57,4248
number_of_people,1.23.52,4248
number_of_people,5.15.46,4248
number_of_people,10.2.68,4248
number_of_people,10.27.37,4248
number_of_people,7.8.60,667159
number_of_people,14.33.9,4248
number_of_people,9.31.38,4248
number_of_people,7.13.57,171774
number_of_people,12.9.61,73884
number_of_people,3.18.68,4248
number_of_people,2.9.18,598683
number_of_people,10.30.0,4248
number_of_people,1.3.3,12438
number_of_people,11.26.40,4248
number_of_people,6.28.29,4248
number_of_people,0.22.33,4248
number_of_people,15.22.61,7615
number_of_people,4.4.18,8819
number_of_people,14.17.14,4248
number_of_people,14.19.54,6885
number_of_people,7.19.24,545620
number_of_people,0.32.32,4248
number_of_people,4.32.36,4248
number_of_people,7.9.7,4248
number_of_people,13.3.6,4248
number_of_people,9.27.12,4248
number_of_people,15.17.37,394253
number_of_people,9.17.12,4248
number_of_people,10.27.60,4248
number_of_people,0.9.65,4248
number_of_people,14.29.64,4248
number_of_people,2.26.45,4248
number_of_people,3.18.21,486029
number_of_people,3.32.43,4248
number_of_people,11.8.3,4248
number_of_people,9.8.66,4248
number_of_people,6.18.2,4248
number_of_people,9.20.41,607788
number_of_people,5.25.5,4248
number_of_people,14.20.10,4248
number_of_people,5.6.0,4248
number_of_people,2.33.13,4248
number_of_people,1.10.31,4248
number_of_people,2.1.51,4248
number_of_people,11.32.63,4248
number_of_people,2.17.69,4248
number_of_people,5.6.5,44505
number_of_people,0.11.6,4248
number_of_people,7.35.45,4258
number_of_people,8.16.14,4248
number_of_people,3.16.24,291610
number_of_people,8.5.61,464988
number_of_people,12.11.14,510672
number_of_people,15.10.9,4248
pastr,4.1.37,4762
pastr,11.21.22,366961
pastr,3.18.56,173219
pastr,7.7.35,384701
pastr,14.8.27,4248
pastr,2.18.67,4248
pastr,8.21.17,4248
pastr,1.18.20,182206
pastr,2.14.43,9108
pastr,0.26.49,4248
pastr,15.35.40,4248
pastr,13.13.28,4248
pastr,6.9.27,4248
pastr,7.14.32,142908
pastr,13.31.44,4248
pastr,9.0.44,4248
pastr,15.23.66,4248
pastr,9.27.12,4248
pastr,14.35.16,4248
pastr,9.7.29,4248
pastr,15.29.17,4248
pastr,13.4.39,366378
pastr,2.29.36,4248
pastr,6.17.59,107219
pastr,3.22.3,4248
pastr,9.14.51,113849
pastr,9.12.66,4248
pastr,10.12.15,159485
pastr,0.17.25,281232
pastr,0.9.53,112907
pastr,12.1.65,4248
pastr,6.5.50,77468
pastr,10.19.26,551448
pastr,5.27.60,4248
pastr,7.6.22,10670
pastr,3.15.46,4248
pastr,0.6.1,4248
pastr,1.17.34,4248
pastr,2.0.67,4248
pastr,4.14.52,4248
pastr,4.28.48,4248
pastr,0.11.51,182853
pastr,8.11.26,4248
pastr,2.6.62,5494
pastr,3.10.8,4248
pastr,10.5.60,4248
pastr,1.26.9,4248
pastr,10.33.38,4248
pastr,6.31.23,4248
pastr,7.11.69,4248
pastr,3.0.1,4248
pastr,0.7.8,4248
pastr,3.19.34,4248
pastr,1.1.14,4248
pastr,13.18.65,45948
pastr,15.15.22,332189
pastr,7.24.18,4248
pastr,5.0.49,4248
pastr,4.31.34,4248
pastr,6.0.28,4248
pastr,13.6.55,216358
pastr,11.0.14,4248
pastr,2.34.15,4248
pastr,5.31.43,4248
pastr,6.32.62,4248
pastr,15.2.45,4248
pastr,14.7.40,715426
pastr,0.3.40,62842
pastr,6.32.65,4248
pastr,6.8.40,697438
pastr,4.13.32,16172
pastr,0.34.70,4248
pastr,10.19.22,299359
pastr,5.8.41,464050
pastr,14.17.20,410624
pastr,2.5.40,497201
pastr,5.23.37,4248
pastr,1.29.7,4248
pastr,14.30.20,4248
pastr,6.31.65,4248
pastr,9.30.69,4248
pastr,1.24.11,4248
pastr,14.31.6,4248
pastr,15.6.24,4248
pastr,2.25.12,4248
pastr,14.26.14,4248
pastr,11.25.42,4248
pastr,2.7.5,4248
pastr,4.20.27,452992
pastr,14.30.49,4248
pastr,1.6.63,4926
pastr,4.22.4,4248
pastr,14.1.6,4248
pastr,9.4.65,4248
pastr,7.31.30,4248
pastr,0.30.43,4248
pastr,2.30.70,4248
pastr,15.12.30,4248
pastr,1.0.14,4248
pastr,1.11.1,4248
primf,5.7.32,4248
primf,7.13.53,551012
primf,5.15.22,38518
primf,6.21.55,4248
primf,10.5.55,480533
primf,10.24.9,4248
primf,0.13.19,36103
primf,7.30.58,4248
primf,0.35.55,4248
primf,12.20.50,4248
primf,7.33.33,4248
primf,0.10.9,4248
primf,7.0.67,4248
primf,9.22.28,4248
primf,1.22.29,4248
primf,10.18.1,4248
primf,14.0.67,4248
primf,11.5.34,4344
primf,14.25.56,4248
primf,4.6.33,57434
primf,0.21.38,4286
primf,0.19.19,7674
primf,15.16.66,4248
primf,0.17.70,4248
primf,14.0.52,4248
primf,12.31.23,4248
primf,0.18.44,4248
primf,0.10.14,107148
primf,2.13.9,4248
primf,9.15.38,4248
primf,12.26.15,4248
primf,1.6.44,447051
primf,10.28.67,4248
primf,3.5.47,717924
primf,3.21.59,4270
primf,7.27.20,255913
primf,10.34.10,4248
primf,11.2.65,4248
primf,5.8.46,8342
primf,13.8.54,348760
primf,6.9.36,31063
primf,2.32.17,4248
primf,4.19.7,4320
primf,2.18.54,19214
primf,1.19.3,4248
primf,1.12.44,4576
primf,15.20.42,71447
primf,7.5.18,5878
primf,0.5.20,346546
primf,4.12.0,4248
primf,0.23.4,4248
primf,5.20.9,4248
primf,2.28.38,4248
primf,2.10.8,4248
primf,2.17.44,4462
primf,10.15.49,18004
primf,5.6.31,4248
primf,2.2.8,4248
primf,8.24.6,4248
primf,10.2.49,4248
primf,11.27.70,4248
primf,11.23.53,4248
primf,4.22.23,111078
primf,14.17.15,4248
primf,11.11.36,4248
primf,7.11.47,4248
primf,4.12.35,4248
primf,4.34.55,4248
primf,12.19.50,4248
primf,10.23.26,4248
primf,9.20.4,4248
primf,2.4.6,183698
primf,15.20.41,14471
primf,15.8.60,749166
primf,2.35.41,4248
primf,0.26.68,271083
primf,13.32.24,4248
primf,4.5.57,470781
primf,4.29.63,4248
primf,15.27.60,4248
primf,14.29.19,4248
primf,9.14.30,4356
primf,1.18.22,546213
primf,6.5.25,188508
primf,12.0.70,4248
primf,2.29.58,4248
primf,12.8.17,619206
primf,2.33.37,4248
primf,13.28.58,4248
primf,9.0.21,4248
primf,3.15.69,4248
primf,6.2.24,4248
primf,3.4.66,4312
primf,12.35.62,4248
primf,13.35.70,4248
primf,14.35.5,4248
primf,9.14.23,4404
primf,8.29.10,4248
primf,5.9.37,10232
primf,0.24.36,4248
primn,14.0.17,4248
primn,14.13.1,4248
primn,2.6.14,33690
primn,4.32.7,4248
primn,7.10.51,578231
primn,4.15.2,4248
primn,1.16.48,4248
primn,13.7.26,4248
primn,3.19.23,4248
primn,3.29.50,4248
primn,12.30.48,4248
primn,5.2.4,4248
primn,6.9.25,4248
primn,3.13.14,311706
primn,5.17.58,115876
primn,14.20.19,4248
primn,7.15.69,4248
primn,1.6.3,45253
primn,12.23.11,4248
primn,7.4.51,8956
primn,9.16.23,101608
primn,3.35.11,4248
primn,12.16.36,184971
primn,3.1.16,113986
primn,3.4.7,176498
primn,2.26.66,4248
primn,10.6.50,294680
primn,10.22.8,4248
primn,14.21.47,4248
primn,4.8.54,356641
primn,8.30.12,4248
primn,6.19.33,4248
primn,15.27.48,4360
primn,10.3.3,73750
primn,0.11.48,700682
primn,14.8.6,4248
primn,13.13.48,125293
primn,10.18.54,14411
primn,14.25.39,4248
primn,13.32.29,4248
primn,15.13.70,4248
primn,14.24.16,4248
primn,10.35.51,4248
primn,8.14.55,347557
primn,10.33.59,4248
primn,8.21.57,74991
primn,15.0.25,4248
primn,15.23.16,4248
primn,7.5.19,72819
primn,14.15.47,4248
primn,0.1.32,33176
primn,8.33.39,4248
primn,11.32.63,4248
primn,3.20.10,4248
primn,5.12.52,101215
primn,6.22.35,4248
primn,6.32.2,4248
primn,0.23.59,193818
primn,15.10.70,4248
primn,1.34.61,4248
primn,2.14.24,4248
primn,3.9.48,663076
primn,7.3.5,113205
primn,1.6.36,51529
primn,3.9.12,714754
primn,1.31.57,4248
primn,4.23.6,4248
primn,10.8.62,45638
primn,0.14.57,4248
primn,15.3.48,60517
primn,8.19.25,36559
primn,0.32.65,4248
primn,10.18.22,4248
primn,7.35.14,4248
primn,4.7.4,4248
primn,7.32.50,4248
primn,15.31.58,4248
primn,4.26.61,4248
primn,4.28.20,25233
primn,11.26.40,4248
primn,12.21.22,731727
primn,15.5.47,4248
primn,15.2.55,234717
primn,0.6.14,33846
primn,7.12.16,126071
primn,12.28.55,4248
primn,14.28.35,4248
primn,15.29.15,4248
primn,7.0.25,4248
primn,3.17.18,4248
primn,13.26.67,16304
primn,4.21.58,219161
primn,5.30.21,4248
primn,12.5.70,14153
primn,15.31.45,4248
primn,14.12.7,4248
primn,1.16.30,4248
primn,1.6.55,4248
primn,0.5.25,8862
primn,0.5.56,116780
range,6.31.35,4248
range,12.8.65,4248
range,11.31.66,4248
range,0.22.33,4248
range,7.25.5,4248
range,15.28.25,4248
range,14.2.28,4248
range,13.29.48,4248
range,0.20.62,186139
range,11.31.33,4248
range,13.24.15,4248
range,12.35.58,4248
range,6.4.7,4284
range,2.12.38,46591
range,14.26.0,6488
range,2.11.38,230688
range,7.22.14,4248
range,14.30.36,4248
range,3.27.54,4248
range,8.8.61,733003
range,0.33.50,4248
range,9.28.13,4248
range,1.0.26,4248
range,11.16.3,4248
range,3.11.17,629695
range,12.30.20,4248
range,12.12.19,219022
range,3.29.52,4248
range,13.27.39,4248
range,9.8.10,108472
range,13.28.46,4248
range,13.17.41,628304
range,15.28.55,4248
range,6.18.57,225071
range,8.18.12,4248
range,5.17.24,264936
range,13.21.25,728969
range,2.32.10,4248
range,5.2.40,4332
range,6.28.13,4248
range,2.30.20,4248
range,6.8.57,642682
range,6.24.43,4248
range,2.17.17,4366
range,5.3.51,6728
range,6.0.24,4248
range,4.12.70,4248
range,3.26.63,15627
range,7.0.47,4248
range,4.25.13,4248
range,10.27.66,4248
range,8.16.25,41325
range,15.24.3,4248
range,8.5.28,4248
range,5.3.23,4268
range,1.10.24,4248
range,10.24.29,4248
range,10.8.14,683103
range,14.31.58,4248
range,3.20.62,201232
range,14.17.34,4248
range,7.22.64,651463
range,8.7.60,731020
range,6.33.53,4248
range,1.19.44,9470
range,9.2.3,4248
range,14.15.51,9590
range,9.2.8,4248
range,3.1.5,4248
range,8.29.62,4248
range,6.32.8,4248
range,15.19.56,88777
range,4.19.9,4248
range,6.11.21,4248
range,11.1.11,4248
range,6.15.56,192506
range,6.0.18,4248
range,3.4.16,9808
range,10.14.23,22801
range,10.24.19,4248
range,3.19.70,4248
range,14.30.44,4248
range,12.19.14,4248
range,1.26.44,4248
range,1.22.47,4248
range,2.31.17,4248
range,1.31.37,4248
range,15.11.31,11158
range,9.3.41,5310
range,6.20.18,4248
range,1.33.4,4248
range,2.2.53,6496
range,6.29.13,4248
range,11.28.37,4248
range,1.3.60,5264
range,4.6.66,7960
range,6.9.20,611541
range,0.25.68,130697
range,9.21.6,4284
range,1.12.48,682598
secdf,4.8.40,128548
secdf,8.35.1,4248
secdf,2.9.70,4248
secdf,5.0.5,4248
secdf,13.33.66,4248
secdf,10.12.59,4306
secdf,7.27.7,4248
secdf,4.7.67,4248
secdf,5.19.20,637383
secdf,8.19.15,4248
secdf,5.12.60,4348
secdf,9.33.53,4248
secdf,6.5.1,5300
secdf,5.29.27,4248
secdf,14.11.51,660517
secdf,14.16.11,4248
secdf,6.25.9,4248
secdf,11.20.38,147535
secdf,6.16.15,4248
secdf,7.16.41,48570
secdf,2.1.56,4248
secdf,13.24.7,4248
secdf,8.33.69,4248
secdf,7.15.3,4248
secdf,11.22.11,4248
secdf,11.14.23,4404
secdf,0.27.37,4248
secdf,8.19.47,4248
secdf,1.14.60,4248
secdf,7.35.24,4248
secdf,2.18.24,702691
secdf,12.21.36,4248
secdf,9.29.65,4248
secdf,11.13.62,4248
secdf,11.17.55,348641
secdf,4.30.21,4248
secdf,6.27.43,4248
secdf,2.12.62,4248
secdf,10.17.47,4248
secdf,14.13.66,4248
secdf,8.15.54,199318
secdf,3.0.3,4248
secdf,3.12.63,4248
secdf,3.24.38,4472
secdf,14.6.56,593896
secdf,15.12.53,706623
secdf,13.18.61,292769
secdf,12.19.17,4248
secdf,3.0.63,4248
secdf,13.31.35,4248
secdf,15.24.61,7156
secdf,10.19.2,4248
secdf,10.29.56,4248
secdf,5.21.13,4248
secdf,15.26.54,4248
secdf,2.8.15,4248
secdf,3.14.18,334220
secdf,6.26.2,4248
secdf,6.26.34,4248
secdf,6.26.12,4248
secdf,1.15.9,4248
secdf,11.21.63,86012
secdf,6.1.18,7944
secdf,0.7.65,14497
secdf,12.7.19,529916
secdf,14.31.48,4248
secdf,3.18.23,648553
secdf,10.2.60,4248
secdf,0.32.2,4248
secdf,3.4.45,221735
secdf,9.17.0,4248
secdf,5.6.17,324295
secdf,13.28.0,4248
secdf,14.16.21,760534
secdf,15.0.19,4248
secdf,13.26.3,4248
secdf,11.18.61,293243
secdf,9.10.63,4248
secdf,12.15.47,4248
secdf,9.19.49,4248
secdf,15.0.66,4248
secdf,3.17.8,4248
secdf,1.25.38,4248
secdf,5.29.67,4248
secdf,11.23.49,4248
secdf,12.15.13,4248
secdf,14.5.12,188112
secdf,3.10.12,7808
secdf,5.19.19,7700
secdf,7.18.66,4248
secdf,3.10.52,339169
secdf,6.10.44,4362
secdf,2.2.57,4486
secdf,1.6.45,468876
secdf,9.34.55,4248
secdf,7.26.57,4248
secdf,7.28.39,4248
secdf,15.23.21,8210
secdf,6.30.16,4248
secdf,0.4.65,4248
secdn,10.31.10,4248
secdn,12.10.25,4248
secdn,8.8.41,462280
secdn,12.23.54,4248
secdn,13.16.49,4248
secdn,2.28.29,4248
secdn,10.31.70,4248
secdn,6.25.61,4248
secdn,8.35.38,4248
secdn,15.21.64,125247
secdn,8.19.56,19826
secdn,0.28.53,4248
secdn,13.31.29,4248
secdn,2.26.37,4248
secdn,5.25.69,66198
secdn,3.11.36,328093
secdn,0.17.64,4528
secdn,14.1.41,4248
secdn,1.34.14,4248
secdn,14.3.59,29580
secdn,9.10.23,4248
secdn,9.27.67,4350
secdn,5.22.27,4248
secdn,15.25.1,4248
secdn,8.4.50,6154
secdn,15.17.36,16768
secdn,2.4.57,62862
secdn,3.10.3,4248
secdn,13.14.69,4248
secdn,4.16.52,4248
secdn,5.11.34,590101
secdn,3.32.67,4248
secdn,14.31.55,4248
secdn,11.34.40,4248
secdn,14.0.7,4248
secdn,10.22.58,367348
secdn,0.5.57,91974
secdn,10.13.32,235593
secdn,1.9.43,407526
secdn,8.32.39,4248
secdn,0.6.57,185993
secdn,3.20.57,4248
secdn,3.23.47,4248
secdn,0.22.39,645857
secdn,14.33.0,4248
secdn,0.28.65,4248
secdn,8.5.48,4248
secdn,6.11.18,40867
secdn,14.30.45,4248
secdn,8.14.30,13386
secdn,2.12.1,4248
secdn,7.33.23,4248
secdn,5.14.2,4248
secdn,15.13.18,101858
secdn,15.35.55,4248
secdn,7.26.61,4248
secdn,1.27.37,4248
secdn,7.24.39,198528
secdn,14.30.30,4248
secdn,8.7.21,7590
secdn,14.3.18,13561
secdn,12.16.21,64990
secdn,0.21.35,4248
secdn,14.34.8,4248
secdn,4.35.57,4248
secdn,6.25.52,4248
secdn,3.21.66,4248
secdn,0.18.28,99868
secdn,11.27.69,4248
secdn,3.6.8,9135
secdn,14.19.31,4248
secdn,2.13.20,154032
secdn,3.20.1,16689
secdn,4.20.36,4248
secdn,6.19.42,566700
secdn,11.30.44,4248
secdn,14.6.70,4248
secdn,13.4.27,5060
secdn,0.15.66,4248
secdn,13.10.59,59564
secdn,4.19.31,4248
secdn,3.16.70,4248
secdn,5.20.34,4286
secdn,0.4.66,107266
secdn,0.3.21,9780
secdn,10.19.8,4320
secdn,15.31.32,4248
secdn,5.23.54,4248
secdn,6.15.43,649022
secdn,3.25.50,4248
secdn,12.19.28,123686
secdn,1.3.16,18151
secdn,15.12.18,6942
secdn,12.9.35,374494
secdn,7.31.13,4248
secdn,9.26.56,4248
secdn,4.23.58,332901
secdn,14.29.65,4248
secdn,15.16.17,4248
secdn,15.21.47,4248
secma,6.11.46,535472
secma,15.23.33,4248
secma,13.28.9,4248
secma,14.17.2,4248
secma,7.20.17,4248
secma,11.31.37,4248
secma,9.17.59,107179
secma,10.10.27,4248
secma,12.29.2,4248
secma,10.32.9,4248
secma,6.16.31,4248
secma,8.6.49,719438
secma,6.2.0,4248
secma,10.14.24,4248
secma,10.24.63,717810
secma,2.23.57,197537
secma,14.29.10,4248
secma,9.6.63,9943
secma,1.18.63,402050
secma,14.23.0,4248
secma,13.3.70,4328
secma,9.28.45,4248
secma,4.19.64,127301
secma,8.25.55,4248
secma,8.34.5,4248
secma,7.21.22,728704
secma,4.11.7,4248
secma,10.3.63,20541
secma,2.6.23,186560
secma,6.16.57,256065
secma,13.26.34,4248
secma,6.33.44,4248
secma,3.26.67,78492
secma,12.35.60,4248
secma,8.29.16,4248
secma,3.18.28,92121
secma,5.30.12,4248
secma,9.2.45,4248
secma,2.25.36,4248
secma,8.31.15,4248
secma,3.24.6,4248
secma,15.9.22,14963
secma,9.20.22,735181
secma,1.23.18,4248
secma,0.30.35,4248
secma,0.14.59,67404
secma,2.16.39,742677
secma,15.26.15,4248
secma,2.3.28,4248
secma,5.21.60,53348
secma,2.30.0,4248
secma,6.2.42,4248
secma,11.28.4,4248
secma,13.9.19,562122
secma,13.29.38,4248
secma,12.21.36,4248
secma,12.22.42,30957
secma,14.1.30,6248
secma,0.11.45,560401
secma,9.11.13,685887
secma,12.1.13,4248
secma,1.35.36,4248
secma,14.11.31,11755
secma,2.15.47,4248
secma,0.25.18,4248
secma,6.34.23,4248
secma,8.35.44,4248
secma,1.29.1,4248
secma,0.26.28,4248
secma,7.28.67,4248
secma,12.0.16,4248
secma,1.23.68,4248
secma,13.12.36,32749
secma,5.22.56,4248
secma,9.34.58,4248
secma,11.14.57,4248
secma,10.19.15,4248
secma,6.17.41,216739
secma,3.5.61,342677
secma,5.14.18,345707
secma,2.22.58,178498
secma,9.1.33,4248
secma,5.23.62,646265
secma,3.9.44,485342
secma,13.22.17,4248
secma,6.15.29,4248
secma,0.24.23,672779
secma,11.22.57,152046
secma,13.24.39,178979
secma,10.0.31,4248
secma,6.10.32,4248
secma,9.24.47,4248
secma,0.31.22,4248
secma,3.30.27,4248
secma,9.22.22,663796
secma,5.34.41,4248
secma,14.32.27,4248
secma,9.27.69,4248
secma,9.10.34,541472
secma,14.35.53,4248
secmb,13.12.64,4248
secmb,10.23.57,246663
secmb,10.18.48,4248
secmb,5.11.28,4248
secmb,0.23.6,4248
secmb,4.34.11,4248
secmb,2.20.43,84553
secmb,3.24.51,4248
secmb,2.28.32,4248
secmb,5.5.48,653132
secmb,6.17.1,4248
secmb,0.25.23,94393
secmb,10.23.20,4248
secmb,11.6.23,188720
secmb,6.13.57,132360
secmb,8.18.70,4248
secmb,8.9.21,135081
secmb,7.7.68,4248
secmb,0.33.22,4248
secmb,2.7.2,18012
secmb,10.6.31,4248
secmb,3.21.61,400566
secmb,8.28.68,4248
secmb,6.31.25,4248
secmb,15.28.12,4248
secmb,7.24.20,50334
secmb,15.17.21,644770
secmb,2.13.20,128644
secmb,0.7.19,465224
secmb,2.7.63,136338
secmb,6.27.55,4248
secmb,15.16.41,612679
secmb,15.5.34,4344
secmb,10.27.33,4248
secmb,12.26.20,291866
secmb,8.12.7,4248
secmb,11.13.42,299073
secmb,14.1.63,4248
secmb,1.14.35,373809
secmb,13.35.7,4248
secmb,2.5.61,483648
secmb,8.26.40,4248
secmb,6.6.47,564377
secmb,10.5.47,650009
secmb,7.15.9,4248
secmb,5.3.59,172127
secmb,7.8.44,378271
secmb,13.16.0,4248
secmb,13.30.4,4248
secmb,5.10.34,456013
secmb,9.4.16,184041
secmb,3.10.67,4248
secmb,3.15.28,4248
secmb,2.17.46,4248
secmb,12.9.69,4248
secmb,14.21.68,4328
secmb,6.17.51,4248
secmb,9.29.32,4248
secmb,8.15.2,4248
secmb,15.9.38,291369
secmb,8.34.34,4248
secmb,7.15.6,4248
secmb,5.9.16,678268
secmb,12.26.69,4248
secmb,15.5.50,605474
secmb,10.12.6,4248
secmb,6.10.67,4248
secmb,12.23.42,4248
secmb,7.33.20,4248
secmb,12.28.21,194416
secmb,14.24.69,117056
secmb,2.34.19,4248
secmb,8.0.47,4248
secmb,3.18.18,4248
secmb,1.31.54,4248
secmb,11.7.41,571760
secmb,1.24.9,4248
secmb,6.33.18,4248
secmb,12.8.40,567615
secmb,12.20.69,6657
secmb,7.11.51,622613
secmb,11.14.58,250356
secmb,7.10.54,387674
secmb,5.8.20,621914
secmb,11.6.3,66118
secmb,1.32.55,4248
secmb,7.35.32,4248
secmb,1.10.7,4248
secmb,5.30.31,4248
secmb,2.19.4,4248
secmb,10.1.5,4248
secmb,9.12.24,4248
secmb,0.13.0,4248
secmb,1.25.59,4248
secmb,9.33.14,4248
secmb,3.10.28,4248
secmb,2.19.12,4248
secmb,11.0.10,4248
secmb,5.26.30,4248
secmb,9.14.25,4248
time,0,72
urban,8.12.1,4248
urban,6.24.63,294630
urban,5.5.46,52678
urban,4.9.69,4248
urban,7.2.26,4248
urban,1.20.0,6753
urban,14.4.6,21086
urban,4.0.13,4248
urban,0.13.26,4248
urban,6.20.59,14484
urban,6.29.10,4248
urban,4.4.56,16420
urban,12.0.50,4248
urban,13.5.48,20395
urban,5.32.20,4248
urban,2.14.5,4248
urban,8.4.10,12573
urban,13.0.30,4248
urban,14.3.47,4288
urban,5.20.49,4248
urban,14.22.36,4248
urban,5.18.44,4248
urban,0.24.59,4895
urban,11.16.40,176370
urban,5.19.21,174421
urban,9.32.0,4248
urban,5.33.19,4248
urban,10.16.46,4248
urban,15.4.20,14282
urban,9.35.58,4248
urban,0.21.1,4248
urban,13.2.34,4248
urban,7.20.67,35969
urban,12.29.53,4248
urban,15.23.3,4248
urban,5.15.26,4248
urban,8.22.21,137008
urban,10.22.2,4248
urban,7.30.17,4248
urban,4.11.51,32393
urban,10.20.51,4248
urban,0.8.52,134853
urban,2.5.54,305050
urban,15.2.40,4332
urban,6.18.22,108480
urban,2.19.61,25423
urban,10.4.41,100392
urban,6.34.9,4248
urban,12.30.31,4248
urban,4.29.9,4248
urban,13.14.29,4248
urban,2.18.8,4248
urban,2.3.11,4730
urban,15.32.4,4248
urban,4.8.70,4248
urban,3.17.56,122680
urban,5.23.16,4248
urban,3.11.55,358019
urban,8.16.6,4248
urban,7.35.60,4248
urban,15.12.43,178419
urban,10.25.18,4248
urban,4.7.51,570994
urban,11.3.70,4328
urban,0.5.30,21915
urban,10.17.0,4248
urban,6.6.52,140432
urban,0.13.21,157917
urban,0.27.37,4248
urban,0.16.31,4248
urban,14.12.64,4248
urban,2.2.56,5370
urban,4.12.29,4248
urban,15.15.47,4248
urban,4.33.7,4248
urban,1.35.1,4248
urban,1.12.2,4248
urban,3.18.43,5825
urban,8.29.8,4248
urban,11.25.17,4248
urban,10.9.21,176545
urban,11.20.9,4248
urban,0.23.65,64466
urban,14.4.66,123629
urban,12.8.18,156475
urban,3.10.50,81308
urban,15.1.31,7236
urban,6.8.2,4248
urban,2.5.13,8427
urban,3.20.3,4248
urban,3.33.18,4248
urban,15.5.49,78573
urban,6.4.27,5060
urban,8.30.44,4248
urban,6.28.49,4248
urban,10.13.38,8139
urban,11.17.31,4248
urban,6.29.25,4248
urban,12.25.52,4248
urban,2.14.64,4248
weighted_ORGANIC,8.11,1531294
weighted_ORGANIC,1.3,8472
weighted_ORGANIC,24.4,8472
weighted_ORGANIC,7.69,11297
weighted_ORGANIC,0.46,8472
weighted_ORGANIC,19.68,8520
weighted_ORGANIC,7.24,408669
weighted_ORGANIC,25.47,8472
weighted_ORGANIC,10.70,8472
weighted_ORGANIC,34.53,8472
weighted_ORGANIC,18.5,8472
weighted_ORGANIC,29.7,8472
weighted_ORGANIC,35.9,8472
weighted_ORGANIC,30.9,8472
weighted_ORGANIC,22.15,8472
weighted_ORGANIC,20.9,8472
weighted_ORGANIC,21.27,479421
weighted_ORGANIC,25.60,8472
weighted_ORGANIC,34.9,10507
weighted_ORGANIC,6.64,42317
weighted_ORGANIC,6.43,1527468
weighted_ORGANIC,21.66,8472
weighted_ORGANIC,5.4,1504274
weighted_ORGANIC,0.15,8472
weighted_ORGANIC,24.48,8472
weighted_ORGANIC,9.35,854358
weighted_ORGANIC,31.24,8472
weighted_ORGANIC,18.34,8472
weighted_ORGANIC,18.58,441524
weighted_ORGANIC,6.49,1488993
weighted_ORGANIC,19.36,8472
weighted_ORGANIC,9.26,8472
weighted_ORGANIC,13.18,210937
weighted_ORGANIC,16.27,8472
weighted_ORGANIC,28.18,8472
weighted_ORGANIC,15.47,8472
weighted_ORGANIC,7.52,1521032
weighted_ORGANIC,27.38,8472
weighted_ORGANIC,10.47,1538279
weighted_ORGANIC,35.68,8472
weighted_ORGANIC,2.67,8472
weighted_ORGANIC,25.70,8472
weighted_ORGANIC,2.8,8472
weighted_ORGANIC,15.23,241699
weighted_ORGANIC,3.35,8472
weighted_ORGANIC,8.34,442582
weighted_ORGANIC,19.46,8759
weighted_ORGANIC,6.21,1415728
weighted_ORGANIC,19.38,1547769
weighted_ORGANIC,32.8,8567
weighted_ORGANIC,18.8,8472
weighted_ORGANIC,26.3,8472
weighted_ORGANIC,35.59,8472
weighted_ORGANIC,11.65,8472
weighted_ORGANIC,30.23,9172
weighted_ORGANIC,10.44,1434611
weighted_ORGANIC,19.55,12271
weighted_ORGANIC,5.67,1190668
weighted_ORGANIC,26.16,8472
weighted_ORGANIC,27.53,8472
weighted_ORGANIC,12.40,1497751
weighted_ORGANIC,0.56,8472
weighted_ORGANIC,22.43,276004
weighted_ORGANIC,33.32,8472
weighted_ORGANIC,9.49,1545311
weighted_ORGANIC,35.54,8472
weighted_ORGANIC,21.25,1527919
weighted_ORGANIC,17.66,8472
weighted_ORGANIC,31.44,8472
weighted_ORGANIC,5.10,1506621
weighted_ORGANIC,4.69,1464813
weighted_ORGANIC,19.15,8472
weighted_ORGANIC,28.67,8472
weighted_ORGANIC,14.44,1329025
weighted_ORGANIC,16.34,922491
weighted_ORGANIC,0.22,8472
weighted_ORGANIC,26.25,8472
weighted_ORGANIC,32.61,8472
weighted_ORGANIC,7.70,10967
weighted_ORGANIC,6.4,541750
weighted_ORGANIC,1.43,8857
weighted_ORGANIC,26.21,1533525
weighted_ORGANIC,35.39,8472
weighted_ORGANIC,1.22,522486
weighted_ORGANIC,20.55,8472
weighted_ORGANIC,32.37,8472
weighted_ORGANIC,23.27,8472
weighted_ORGANIC,12.3,8472
weighted_ORGANIC,2.42,8472
weighted_ORGANIC,31.38,8557
weighted_ORGANIC,33.57,8472
weighted_ORGANIC,15.4,8472
weighted_ORGANIC,33.28,9807
weighted_ORGANIC,28.46,8472
weighted_ORGANIC,2.62,342709
weighted_ORGANIC,17.6,8472
weighted_ORGANIC,29.39,8472
weighted_ORGANIC,13.30,8472
weighted_ORGANIC,3.55,1490231
weighted_ORGANIC,33.69,8562
weighted_PCT_CLAY,5.10,1548580
weighted_PCT_CLAY,3.27,8472
weighted_PCT_CLAY,1.25,275657
weighted_PCT_CLAY,11.44,1345315
weighted_PCT_CLAY,24.39,428947
weighted_PCT_CLAY,5.13,1543150
weighted_PCT_CLAY,24.51,8472
weighted_PCT_CLAY,3.63,891779
weighted_PCT_CLAY,33.60,8472
weighted_PCT_CLAY,20.49,8472
weighted_PCT_CLAY,35.38,8472
weighted_PCT_CLAY,26.26,8472
weighted_PCT_CLAY,6.47,1534175
weighted_PCT_CLAY,17.53,20506
weighted_PCT_CLAY,6.45,1540606
weighted_PCT_CLAY,26.41,8472
weighted_PCT_CLAY,5.63,1514826
weighted_PCT_CLAY,24.55,8472
weighted_PCT_CLAY,23.69,8472
weighted_PCT_CLAY,12.19,474440
weighted_PCT_CLAY,33.12,8472
weighted_PCT_CLAY,24.64,892553
weighted_PCT_CLAY,18.63,834037
weighted_PCT_CLAY,35.7,8472
weighted_PCT_CLAY,25.30,8472
weighted_PCT_CLAY,23.49,8472
weighted_PCT_CLAY,12.43,1530261
weighted_PCT_CLAY,10.37,396068
weighted_PCT_CLAY,19.4,8585
weighted_PCT_CLAY,12.25,8472
weighted_PCT_CLAY,25.27,8472
weighted_PCT_CLAY,34.27,8472
weighted_PCT_CLAY,25.48,8472
weighted_PCT_CLAY,2.47,80500
weighted_PCT_CLAY,2.64,99849
weighted_PCT_CLAY,6.25,8472
weighted_PCT_CLAY,2.30,373629
weighted_PCT_CLAY,11.17,1230786
weighted_PCT_CLAY,6.6,8472
weighted_PCT_CLAY,9.2,8472
weighted_PCT_CLAY,5.70,88900
weighted_PCT_CLAY,34.18,8472
weighted_PCT_CLAY,8.48,1528791
weighted_PCT_CLAY,25.42,8472
weighted_PCT_CLAY,13.16,384856
weighted_PCT_CLAY,17.25,886046
weighted_PCT_CLAY,11.63,8472
weighted_PCT_CLAY,35.61,8472
weighted_PCT_CLAY,11.8,8472
weighted_PCT_CLAY,24.57,209426
weighted_PCT_CLAY,10.36,990732
weighted_PCT_CLAY,30.35,8472
weighted_PCT_CLAY,25.66,8472
weighted_PCT_CLAY,30.56,8472
weighted_PCT_CLAY,4.41,1492973
weighted_PCT_CLAY,12.38,1529638
weighted_PCT_CLAY,25.14,8472
weighted_PCT_CLAY,6.30,8472
weighted_PCT_CLAY,14.24,8472
weighted_PCT_CLAY,10.70,8472
weighted_PCT_CLAY,32.53,8472
weighted_PCT_CLAY,18.51,8472
weighted_PCT_CLAY,19.29,8472
weighted_PCT_CLAY,17.16,8472
weighted_PCT_CLAY,29.10,8472
weighted_PCT_CLAY,20.30,8472
weighted_PCT_CLAY,21.64,296188
weighted_PCT_CLAY,4.49,1230369
weighted_PCT_CLAY,8.1,8472
weighted_PCT_CLAY,14.50,1389054
weighted_PCT_CLAY,34.50,8472
weighted_PCT_CLAY,32.67,14917
weighted_PCT_CLAY,22.26,226763
weighted_PCT_CLAY,1.70,8472
weighted_PCT_CLAY,13.47,8472
weighted_PCT_CLAY,15.45,155655
weighted_PCT_CLAY,27.25,8472
weighted_PCT_CLAY,26.40,8472
weighted_PCT_CLAY,6.38,627010
weighted_PCT_CLAY,17.37,1504280
weighted_PCT_CLAY,15.65,8647
weighted_PCT_CLAY,13.36,1521585
weighted_PCT_CLAY,7.24,423378
weighted_PCT_CLAY,5.58,1530556
weighted_PCT_CLAY,21.3,9442
weighted_PCT_CLAY,20.62,481187
weighted_PCT_CLAY,33.46,8472
weighted_PCT_CLAY,28.26,8542
weighted_PCT_CLAY,1.28,327268
weighted_PCT_CLAY,31.29,8472
weighted_PCT_CLAY,11.59,30075
weighted_PCT_CLAY,29.65,8472
weighted_PCT_CLAY,28.6,8472
weighted_PCT_CLAY,14.45,632287
weighted_PCT_CLAY,16.54,633057
weighted_PCT_CLAY,8.36,1542393
weighted_PCT_CLAY,16.67,8472
weighted_PCT_CLAY,3.49,712452
weighted_PCT_CLAY,16.60,8602
weighted_PCT_CLAY,18.4,9227
weighted_PCT_SAND,12.67,8472
weighted_PCT_SAND,31.48,9827
weighted_PCT_SAND,3.30,744657
weighted_PCT_SAND,3.43,8472
weighted_PCT_SAND,2.28,8472
weighted_PCT_SAND,21.34,8472
weighted_PCT_SAND,14.61,8472
weighted_PCT_SAND,3.49,705740
weighted_PCT_SAND,33.29,8917
weighted_PCT_SAND,6.50,1503972
weighted_PCT_SAND,31.53,8472
weighted_PCT_SAND,28.28,28249
weighted_PCT_SAND,12.10,8472
weighted_PCT_SAND,1.13,8472
weighted_PCT_SAND,21.60,1483897
weighted_PCT_SAND,21.63,1411036
weighted_PCT_SAND,10.17,1637199
weighted_PCT_SAND,18.69,8663
weighted_PCT_SAND,7.65,343193
weighted_PCT_SAND,15.11,8472
weighted_PCT_SAND,18.59,168571
weighted_PCT_SAND,2.56,622202
weighted_PCT_SAND,29.48,8472
weighted_PCT_SAND,33.61,8472
weighted_PCT_SAND,16.65,8472
weighted_PCT_SAND,6.49,1504560
weighted_PCT_SAND,3.56,1360674
weighted_PCT_SAND,4.35,8472
weighted_PCT_SAND,17.50,8472
weighted_PCT_SAND,23.52,8472
weighted_PCT_SAND,23.23,1619009
weighted_PCT_SAND,23.19,8472
weighted_PCT_SAND,11.19,639582
weighted_PCT_SAND,34.68,12192
weighted_PCT_SAND,3.29,250203
weighted_PCT_SAND,2.13,541484
weighted_PCT_SAND,16.41,1508974
weighted_PCT_SAND,4.26,8527
weighted_PCT_SAND,33.47,8472
weighted_PCT_SAND,3.45,523050
weighted_PCT_SAND,33.26,8867
weighted_PCT_SAND,27.27,8472
weighted_PCT_SAND,13.62,8472
weighted_PCT_SAND,8.28,8472
weighted_PCT_SAND,23.55,8472
weighted_PCT_SAND,26.68,601524
weighted_PCT_SAND,6.20,1416801
weighted_PCT_SAND,18.48,8472
weighted_PCT_SAND,24.11,8472
weighted_PCT_SAND,24.2,8472
weighted_PCT_SAND,3.16,898405
weighted_PCT_SAND,3.67,49181
weighted_PCT_SAND,31.14,8472
weighted_PCT_SAND,33.4,9267
weighted_PCT_SAND,32.26,8687
weighted_PCT_SAND,29.13,8472
weighted_PCT_SAND,21.19,8472
weighted_PCT_SAND,15.16,8472
weighted_PCT_SAND,24.53,8472
weighted_PCT_SAND,6.3,256712
weighted_PCT_SAND,5.6,1112003
weighted_PCT_SAND,26.60,8472
weighted_PCT_SAND,28.26,8542
weighted_PCT_SAND,20.60,1192372
weighted_PCT_SAND,4.13,1287696
weighted_PCT_SAND,1.64,8472
weighted_PCT_SAND,9.39,1352654
weighted_PCT_SAND,23.30,8472
weighted_PCT_SAND,10.27,8472
weighted_PCT_SAND,12.34,1518020
weighted_PCT_SAND,13.16,381528
weighted_PCT_SAND,27.22,33158
weighted_PCT_SAND,31.39,8777
weighted_PCT_SAND,1.43,8857
weighted_PCT_SAND,25.31,8472
weighted_PCT_SAND,25.10,8472
weighted_PCT_SAND,6.46,1523974
weighted_PCT_SAND,24.27,8472
weighted_PCT_SAND,5.40,1361339
weighted_PCT_SAND,6.45,1542800
weighted_PCT_SAND,1.20,380103
weighted_PCT_SAND,29.3,8472
weighted_PCT_SAND,19.65,61234
weighted_PCT_SAND,30.45,8517
weighted_PCT_SAND,13.46,924755
weighted_PCT_SAND,0.13,8472
weighted_PCT_SAND,16.61,13219
weighted_PCT_SAND,6.2,16945
weighted_PCT_SAND,25.18,8472
weighted_PCT_SAND,32.37,8472
weighted_PCT_SAND,8.24,426503
weighted_PCT_SAND,21.1,12635
weighted_PCT_SAND,4.65,1505775
weighted_PCT_SAND,26.26,8472
weighted_PCT_SAND,13.61,8472
weighted_PCT_SAND,35.70,8562
weighted_PCT_SAND,16.33,909677
weighted_PCT_SAND,31.32,8702
weighted_PCT_SAND,21.14,8472
weighted_PCT_SAND,9.64,8472
