store,worker,sample,wall_ms
A,0,0,383.14
A,0,1,539.17
A,0,2,462.08
A,0,3,489.13
A,0,4,408.86
A,0,5,319.55
A,0,6,438.11
A,0,7,398.11
A,0,8,489.66
A,0,9,328.89
A,0,10,363.01
A,0,11,371.96
A,0,12,351.29
A,0,13,442.13
A,0,14,465.27
A,0,15,1006.15
A,0,16,355.77
A,0,17,379.08
A,0,18,327.86
A,0,19,344.10
A,0,20,482.59
A,0,21,352.75
A,0,22,292.09
A,0,23,384.25
A,0,24,316.53
A,0,25,426.73
A,0,26,346.54
A,0,27,332.85
A,0,28,282.74
A,0,29,228.48
A,0,30,388.30
A,0,31,289.01
A,0,32,335.23
A,0,33,328.80
A,0,34,174.87
A,0,35,1123.53
A,0,36,370.97
A,0,37,315.89
A,0,38,3692.70
A,0,39,362.77
A,0,40,329.83
A,0,41,277.87
A,0,42,344.37
A,0,43,302.45
A,0,44,214.45
A,0,45,349.16
A,0,46,363.72
A,0,47,300.24
A,0,48,327.25
A,0,49,260.19
A,0,50,206.20
A,0,51,339.89
A,0,52,344.61
A,0,53,258.02
A,0,54,265.79
A,0,55,406.00
A,0,56,399.57
A,0,57,261.41
A,0,58,198.57
A,0,59,275.06
A,0,60,220.40
A,0,61,288.24
A,0,62,378.89
A,0,63,328.02
A,0,64,319.96
A,0,65,334.92
A,0,66,344.08
A,0,67,350.39
A,0,68,287.92
A,0,69,257.65
A,0,70,249.17
A,0,71,220.18
A,0,72,231.17
A,0,73,331.59
A,0,74,186.64
A,0,75,174.82
A,0,76,193.58
A,0,77,168.40
A,0,78,236.65
A,0,79,266.89
A,0,80,245.81
A,0,81,302.16
A,0,82,300.34
A,0,83,229.36
A,0,84,198.92
A,0,85,293.86
A,0,86,225.80
A,0,87,355.98
A,0,88,237.56
A,0,89,227.40
A,0,90,280.72
A,0,91,223.14
A,0,92,227.98
A,0,93,307.65
A,0,94,259.05
A,0,95,392.78
A,0,96,291.98
A,0,97,1674.23
A,0,98,205.63
A,0,99,279.52
A,1,0,377.47
A,1,1,412.79
A,1,2,385.15
A,1,3,407.57
A,1,4,482.20
A,1,5,332.73
A,1,6,541.49
A,1,7,270.60
A,1,8,446.15
A,1,9,457.81
A,1,10,332.78
A,1,11,360.73
A,1,12,336.03
A,1,13,435.00
A,1,14,458.26
A,1,15,1421.72
A,1,16,347.56
A,1,17,431.77
A,1,18,351.29
A,1,19,407.48
A,1,20,384.96
A,1,21,459.96
A,1,22,390.40
A,1,23,333.33
A,1,24,343.87
A,1,25,326.30
A,1,26,342.64
A,1,27,307.41
A,1,28,404.06
A,1,29,268.43
A,1,30,309.14
A,1,31,198.29
A,1,32,387.14
A,1,33,418.86
A,1,34,214.20
A,1,35,210.63
A,1,36,344.10
A,1,37,342.10
A,1,38,415.22
A,1,39,412.69
A,1,40,314.24
A,1,41,288.76
A,1,42,341.43
A,1,43,272.33
A,1,44,289.89
A,1,45,423.10
A,1,46,326.93
A,1,47,361.40
A,1,48,187.17
A,1,49,330.11
A,1,50,365.90
A,1,51,305.93
A,1,52,323.16
A,1,53,264.69
A,1,54,387.67
A,1,55,390.39
A,1,56,253.92
A,1,57,406.21
A,1,58,289.33
A,1,59,292.02
A,1,60,307.39
A,1,61,355.16
A,1,62,325.05
A,1,63,173.35
A,1,64,288.96
A,1,65,355.21
A,1,66,259.11
A,1,67,261.98
A,1,68,358.06
A,1,69,268.18
A,1,70,259.99
A,1,71,235.03
A,1,72,293.94
A,1,73,296.98
A,1,74,425.04
A,1,75,271.24
A,1,76,1712.30
A,1,77,298.92
A,1,78,303.98
A,1,79,294.10
A,1,80,252.04
A,1,81,242.00
A,1,82,219.49
A,1,83,235.54
A,1,84,267.81
A,1,85,274.65
A,1,86,277.99
A,1,87,397.17
A,1,88,269.55
A,1,89,253.18
A,1,90,237.70
A,1,91,326.19
A,1,92,353.78
A,1,93,334.32
A,1,94,271.23
A,1,95,283.03
A,1,96,234.25
A,1,97,212.32
A,1,98,258.45
A,1,99,381.14
A,2,0,357.31
A,2,1,458.99
A,2,2,447.67
A,2,3,365.95
A,2,4,419.63
A,2,5,421.33
A,2,6,445.64
A,2,7,433.47
A,2,8,350.51
A,2,9,378.78
A,2,10,358.10
A,2,11,357.85
A,2,12,345.03
A,2,13,402.21
A,2,14,326.46
A,2,15,443.70
A,2,16,362.73
A,2,17,266.29
A,2,18,281.10
A,2,19,500.65
A,2,20,426.08
A,2,21,439.42
A,2,22,278.00
A,2,23,370.38
A,2,24,374.36
A,2,25,304.37
A,2,26,330.53
A,2,27,417.71
A,2,28,413.58
A,2,29,373.89
A,2,30,282.13
A,2,31,403.80
A,2,32,378.54
A,2,33,334.41
A,2,34,1685.86
A,2,35,291.50
A,2,36,285.05
A,2,37,317.58
A,2,38,402.88
A,2,39,297.28
A,2,40,367.86
A,2,41,368.80
A,2,42,795.03
A,2,43,312.07
A,2,44,1022.77
A,2,45,295.71
A,2,46,310.60
A,2,47,354.97
A,2,48,207.86
A,2,49,148.79
A,2,50,313.59
A,2,51,284.18
A,2,52,287.39
A,2,53,301.72
A,2,54,326.42
A,2,55,370.62
A,2,56,213.15
A,2,57,271.91
A,2,58,301.36
A,2,59,257.17
A,2,60,186.01
A,2,61,407.35
A,2,62,266.79
A,2,63,338.68
A,2,64,376.21
A,2,65,159.49
A,2,66,256.01
A,2,67,159.93
A,2,68,334.15
A,2,69,219.39
A,2,70,260.74
A,2,71,235.72
A,2,72,265.48
A,2,73,380.86
A,2,74,373.53
A,2,75,308.87
A,2,76,1023.59
A,2,77,257.27
A,2,78,363.20
A,2,79,342.45
A,2,80,160.79
A,2,81,256.48
A,2,82,268.90
A,2,83,308.61
A,2,84,257.24
A,2,85,222.78
A,2,86,312.28
A,2,87,236.85
A,2,88,359.58
A,2,89,193.62
A,2,90,198.89
A,2,91,204.06
A,2,92,298.10
A,2,93,278.30
A,2,94,222.20
A,2,95,301.73
A,2,96,240.79
A,2,97,331.64
A,2,98,173.39
A,2,99,290.27
A,3,0,353.39
A,3,1,397.42
A,3,2,388.54
A,3,3,391.87
A,3,4,401.05
A,3,5,446.84
A,3,6,430.29
A,3,7,409.38
A,3,8,431.03
A,3,9,424.52
A,3,10,422.67
A,3,11,268.75
A,3,12,382.72
A,3,13,308.08
A,3,14,376.05
A,3,15,498.30
A,3,16,318.93
A,3,17,592.45
A,3,18,392.58
A,3,19,430.68
A,3,20,350.36
A,3,21,322.58
A,3,22,383.13
A,3,23,364.59
A,3,24,403.00
A,3,25,395.84
A,3,26,327.20
A,3,27,251.89
A,3,28,318.45
A,3,29,336.87
A,3,30,279.77
A,3,31,403.91
A,3,32,328.87
A,3,33,456.86
A,3,34,1639.72
A,3,35,514.47
A,3,36,313.90
A,3,37,299.89
A,3,38,265.33
A,3,39,301.53
A,3,40,318.40
A,3,41,390.00
A,3,42,2163.91
A,3,43,247.43
A,3,44,349.66
A,3,45,244.43
A,3,46,1610.62
A,3,47,373.66
A,3,48,264.17
A,3,49,254.82
A,3,50,221.89
A,3,51,314.83
A,3,52,353.90
A,3,53,217.68
A,3,54,256.47
A,3,55,267.32
A,3,56,227.14
A,3,57,361.33
A,3,58,337.61
A,3,59,425.73
A,3,60,353.79
A,3,61,256.78
A,3,62,213.23
A,3,63,218.91
A,3,64,246.90
A,3,65,277.22
A,3,66,280.96
A,3,67,295.98
A,3,68,286.79
A,3,69,232.75
A,3,70,150.72
A,3,71,274.38
A,3,72,347.76
A,3,73,244.54
A,3,74,254.79
A,3,75,340.71
A,3,76,210.71
A,3,77,209.90
A,3,78,212.66
A,3,79,297.33
A,3,80,302.89
A,3,81,323.78
A,3,82,240.43
A,3,83,151.40
A,3,84,187.16
A,3,85,202.17
A,3,86,233.13
A,3,87,323.28
A,3,88,162.50
A,3,89,225.78
A,3,90,329.78
A,3,91,268.73
A,3,92,349.55
A,3,93,296.87
A,3,94,285.21
A,3,95,293.13
A,3,96,330.89
A,3,97,200.85
A,3,98,258.24
A,3,99,306.41
A,4,0,450.17
A,4,1,536.85
A,4,2,387.96
A,4,3,374.44
A,4,4,493.68
A,4,5,339.32
A,4,6,452.54
A,4,7,363.64
A,4,8,345.04
A,4,9,366.54
A,4,10,438.11
A,4,11,463.61
A,4,12,314.57
A,4,13,348.49
A,4,14,1640.69
A,4,15,238.07
A,4,16,367.27
A,4,17,223.80
A,4,18,547.50
A,4,19,377.47
A,4,20,389.52
A,4,21,314.23
A,4,22,454.70
A,4,23,373.13
A,4,24,390.99
A,4,25,416.25
A,4,26,356.31
A,4,27,386.41
A,4,28,223.65
A,4,29,343.67
A,4,30,278.98
A,4,31,355.04
A,4,32,351.02
A,4,33,886.12
A,4,34,174.15
A,4,35,442.77
A,4,36,3795.72
A,4,37,329.37
A,4,38,325.80
A,4,39,340.95
A,4,40,277.19
A,4,41,405.29
A,4,42,349.84
A,4,43,223.27
A,4,44,365.44
A,4,45,321.51
A,4,46,269.21
A,4,47,379.78
A,4,48,399.62
A,4,49,223.93
A,4,50,129.86
A,4,51,288.07
A,4,52,332.26
A,4,53,254.84
A,4,54,236.36
A,4,55,380.81
A,4,56,266.43
A,4,57,272.26
A,4,58,266.64
A,4,59,263.11
A,4,60,369.13
A,4,61,240.12
A,4,62,440.44
A,4,63,298.57
A,4,64,424.84
A,4,65,391.82
A,4,66,335.08
A,4,67,168.27
A,4,68,243.52
A,4,69,346.46
A,4,70,292.22
A,4,71,192.79
A,4,72,230.71
A,4,73,259.16
A,4,74,284.56
A,4,75,275.11
A,4,76,373.77
A,4,77,302.71
A,4,78,363.81
A,4,79,265.65
A,4,80,256.35
A,4,81,279.82
A,4,82,316.52
A,4,83,349.91
A,4,84,398.54
A,4,85,184.78
A,4,86,179.66
A,4,87,284.80
A,4,88,366.39
A,4,89,287.98
A,4,90,296.03
A,4,91,310.36
A,4,92,308.78
A,4,93,393.15
A,4,94,389.93
A,4,95,248.35
A,4,96,263.86
A,4,97,173.49
A,4,98,356.47
A,4,99,181.86
A,5,0,418.48
A,5,1,469.33
A,5,2,318.21
A,5,3,343.06
A,5,4,307.02
A,5,5,395.71
A,5,6,199.44
A,5,7,366.85
A,5,8,328.29
A,5,9,367.01
A,5,10,404.01
A,5,11,347.24
A,5,12,340.86
A,5,13,324.00
A,5,14,412.76
A,5,15,298.64
A,5,16,439.54
A,5,17,510.87
A,5,18,366.60
A,5,19,360.38
A,5,20,509.55
A,5,21,330.28
A,5,22,286.95
A,5,23,326.72
A,5,24,313.11
A,5,25,434.62
A,5,26,309.04
A,5,27,309.01
A,5,28,252.86
A,5,29,376.50
A,5,30,317.81
A,5,31,372.94
A,5,32,267.12
A,5,33,356.09
A,5,34,319.91
A,5,35,399.73
A,5,36,268.64
A,5,37,1640.77
A,5,38,340.81
A,5,39,314.47
A,5,40,262.44
A,5,41,3444.58
A,5,42,346.94
A,5,43,355.32
A,5,44,356.56
A,5,45,315.12
A,5,46,379.34
A,5,47,242.61
A,5,48,450.70
A,5,49,343.37
A,5,50,277.51
A,5,51,315.49
A,5,52,180.50
A,5,53,266.49
A,5,54,304.95
A,5,55,291.85
A,5,56,309.16
A,5,57,278.79
A,5,58,377.87
A,5,59,375.96
A,5,60,348.98
A,5,61,348.63
A,5,62,228.84
A,5,63,345.55
A,5,64,277.18
A,5,65,273.28
A,5,66,2047.16
A,5,67,206.02
A,5,68,313.93
A,5,69,343.74
A,5,70,289.34
A,5,71,173.91
A,5,72,297.62
A,5,73,225.86
A,5,74,377.33
A,5,75,294.51
A,5,76,266.30
A,5,77,307.15
A,5,78,350.02
A,5,79,188.34
A,5,80,131.14
A,5,81,246.23
A,5,82,233.41
A,5,83,263.17
A,5,84,303.53
A,5,85,288.21
A,5,86,267.65
A,5,87,211.66
A,5,88,327.37
A,5,89,217.03
A,5,90,209.90
A,5,91,2150.27
A,5,92,356.13
A,5,93,322.06
A,5,94,360.25
A,5,95,307.99
A,5,96,260.84
A,5,97,215.65
A,5,98,220.64
A,5,99,272.97
A,6,0,463.56
A,6,1,458.22
A,6,2,510.47
A,6,3,449.72
A,6,4,433.18
A,6,5,477.60
A,6,6,435.02
A,6,7,503.00
A,6,8,321.20
A,6,9,484.71
A,6,10,601.58
A,6,11,343.71
A,6,12,426.69
A,6,13,406.62
A,6,14,873.87
A,6,15,368.47
A,6,16,303.23
A,6,17,418.41
A,6,18,315.70
A,6,19,358.55
A,6,20,427.89
A,6,21,272.56
A,6,22,553.34
A,6,23,289.37
A,6,24,224.07
A,6,25,315.25
A,6,26,492.45
A,6,27,320.91
A,6,28,294.20
A,6,29,286.95
A,6,30,281.73
A,6,31,271.85
A,6,32,341.15
A,6,33,360.95
A,6,34,298.03
A,6,35,339.12
A,6,36,404.23
A,6,37,389.83
A,6,38,291.83
A,6,39,2200.07
A,6,40,405.14
A,6,41,316.82
A,6,42,439.71
A,6,43,292.74
A,6,44,242.38
A,6,45,298.97
A,6,46,321.15
A,6,47,307.22
A,6,48,257.11
A,6,49,435.75
A,6,50,413.88
A,6,51,393.94
A,6,52,312.54
A,6,53,347.64
A,6,54,257.43
A,6,55,237.66
A,6,56,318.76
A,6,57,266.12
A,6,58,286.29
A,6,59,319.40
A,6,60,473.22
A,6,61,359.11
A,6,62,261.86
A,6,63,202.99
A,6,64,322.41
A,6,65,248.86
A,6,66,175.69
A,6,67,203.63
A,6,68,366.90
A,6,69,176.86
A,6,70,431.51
A,6,71,251.46
A,6,72,487.43
A,6,73,736.37
A,6,74,311.12
A,6,75,239.13
A,6,76,259.39
A,6,77,160.50
A,6,78,239.94
A,6,79,345.52
A,6,80,200.88
A,6,81,333.67
A,6,82,178.98
A,6,83,280.81
A,6,84,341.32
A,6,85,315.76
A,6,86,247.11
A,6,87,315.51
A,6,88,219.36
A,6,89,306.02
A,6,90,279.51
A,6,91,311.88
A,6,92,192.34
A,6,93,288.12
A,6,94,259.28
A,6,95,211.28
A,6,96,198.40
A,6,97,288.37
A,6,98,224.00
A,6,99,219.86
A,7,0,394.74
A,7,1,408.29
A,7,2,503.43
A,7,3,318.28
A,7,4,411.01
A,7,5,416.08
A,7,6,414.20
A,7,7,367.30
A,7,8,439.87
A,7,9,395.46
A,7,10,493.10
A,7,11,453.10
A,7,12,366.57
A,7,13,390.44
A,7,14,352.81
A,7,15,361.99
A,7,16,511.37
A,7,17,378.03
A,7,18,399.74
A,7,19,274.02
A,7,20,295.52
A,7,21,500.12
A,7,22,328.81
A,7,23,352.40
A,7,24,356.19
A,7,25,417.28
A,7,26,363.44
A,7,27,328.00
A,7,28,280.13
A,7,29,385.97
A,7,30,319.45
A,7,31,219.75
A,7,32,371.76
A,7,33,430.93
A,7,34,383.43
A,7,35,1327.92
A,7,36,354.41
A,7,37,331.41
A,7,38,253.52
A,7,39,490.38
A,7,40,3066.66
A,7,41,427.92
A,7,42,334.48
A,7,43,319.00
A,7,44,268.55
A,7,45,316.00
A,7,46,256.41
A,7,47,345.36
A,7,48,276.41
A,7,49,291.86
A,7,50,353.68
A,7,51,337.19
A,7,52,351.89
A,7,53,210.38
A,7,54,401.70
A,7,55,353.83
A,7,56,349.46
A,7,57,332.03
A,7,58,281.33
A,7,59,337.12
A,7,60,261.08
A,7,61,349.42
A,7,62,317.21
A,7,63,330.20
A,7,64,1994.64
A,7,65,289.23
A,7,66,405.96
A,7,67,305.36
A,7,68,345.90
A,7,69,310.28
A,7,70,343.42
A,7,71,202.93
A,7,72,317.78
A,7,73,376.26
A,7,74,217.10
A,7,75,307.06
A,7,76,221.73
A,7,77,271.01
A,7,78,368.68
A,7,79,234.93
A,7,80,282.56
A,7,81,228.94
A,7,82,188.19
A,7,83,292.12
A,7,84,293.16
A,7,85,293.14
A,7,86,233.21
A,7,87,265.48
A,7,88,2010.96
A,7,89,364.67
A,7,90,334.68
A,7,91,252.82
A,7,92,218.65
A,7,93,388.55
A,7,94,251.02
A,7,95,276.43
A,7,96,274.61
A,7,97,236.58
A,7,98,248.20
A,7,99,298.26
A,8,0,449.56
A,8,1,373.95
A,8,2,399.53
A,8,3,530.86
A,8,4,362.09
A,8,5,552.44
A,8,6,364.13
A,8,7,511.91
A,8,8,383.71
A,8,9,344.68
A,8,10,262.92
A,8,11,364.01
A,8,12,388.49
A,8,13,431.78
A,8,14,430.87
A,8,15,332.49
A,8,16,468.40
A,8,17,412.68
A,8,18,272.80
A,8,19,283.77
A,8,20,264.84
A,8,21,330.85
A,8,22,415.40
A,8,23,307.12
A,8,24,227.19
A,8,25,329.02
A,8,26,476.77
A,8,27,299.18
A,8,28,335.06
A,8,29,393.12
A,8,30,312.76
A,8,31,310.29
A,8,32,292.06
A,8,33,329.09
A,8,34,349.84
A,8,35,388.52
A,8,36,270.21
A,8,37,306.71
A,8,38,350.00
A,8,39,298.16
A,8,40,401.74
A,8,41,402.94
A,8,42,306.65
A,8,43,468.72
A,8,44,272.27
A,8,45,291.56
A,8,46,235.50
A,8,47,504.52
A,8,48,298.12
A,8,49,1528.88
A,8,50,238.79
A,8,51,375.46
A,8,52,1644.86
A,8,53,264.35
A,8,54,402.53
A,8,55,424.38
A,8,56,336.98
A,8,57,271.12
A,8,58,221.74
A,8,59,254.01
A,8,60,376.44
A,8,61,372.38
A,8,62,266.05
A,8,63,213.37
A,8,64,400.73
A,8,65,298.05
A,8,66,233.83
A,8,67,315.88
A,8,68,225.40
A,8,69,267.73
A,8,70,2038.35
A,8,71,278.21
A,8,72,403.69
A,8,73,292.18
A,8,74,189.67
A,8,75,248.55
A,8,76,217.67
A,8,77,215.71
A,8,78,206.57
A,8,79,379.93
A,8,80,323.42
A,8,81,357.32
A,8,82,329.89
A,8,83,383.96
A,8,84,281.45
A,8,85,250.69
A,8,86,275.57
A,8,87,175.73
A,8,88,329.72
A,8,89,259.53
A,8,90,284.02
A,8,91,334.20
A,8,92,289.25
A,8,93,243.18
A,8,94,263.59
A,8,95,358.95
A,8,96,299.87
A,8,97,258.14
A,8,98,224.67
A,8,99,248.69
A,9,0,305.00
A,9,1,458.03
A,9,2,355.86
A,9,3,432.42
A,9,4,469.87
A,9,5,381.54
A,9,6,522.66
A,9,7,398.00
A,9,8,444.27
A,9,9,358.27
A,9,10,453.11
A,9,11,327.29
A,9,12,424.84
A,9,13,410.74
A,9,14,223.68
A,9,15,347.94
A,9,16,392.10
A,9,17,267.94
A,9,18,363.96
A,9,19,317.48
A,9,20,341.04
A,9,21,378.09
A,9,22,374.10
A,9,23,286.64
A,9,24,402.37
A,9,25,318.58
A,9,26,354.37
A,9,27,463.03
A,9,28,377.10
A,9,29,290.66
A,9,30,514.80
A,9,31,402.49
A,9,32,360.91
A,9,33,367.11
A,9,34,370.76
A,9,35,338.35
A,9,36,379.89
A,9,37,307.21
A,9,38,402.91
A,9,39,236.41
A,9,40,362.34
A,9,41,406.74
A,9,42,443.86
A,9,43,300.90
A,9,44,2780.66
A,9,45,309.83
A,9,46,270.26
A,9,47,308.68
A,9,48,335.40
A,9,49,986.01
A,9,50,406.77
A,9,51,284.41
A,9,52,407.76
A,9,53,420.94
A,9,54,304.16
A,9,55,377.34
A,9,56,328.08
A,9,57,213.91
A,9,58,469.79
A,9,59,311.58
A,9,60,249.90
A,9,61,310.18
A,9,62,236.14
A,9,63,405.71
A,9,64,292.55
A,9,65,358.07
A,9,66,402.05
A,9,67,195.18
A,9,68,253.68
A,9,69,209.67
A,9,70,330.25
A,9,71,413.56
A,9,72,230.41
A,9,73,228.72
A,9,74,229.34
A,9,75,489.93
A,9,76,199.42
A,9,77,356.00
A,9,78,245.76
A,9,79,314.03
A,9,80,248.92
A,9,81,324.26
A,9,82,343.26
A,9,83,304.35
A,9,84,267.80
A,9,85,288.18
A,9,86,312.94
A,9,87,302.76
A,9,88,291.57
A,9,89,215.34
A,9,90,302.79
A,9,91,308.78
A,9,92,321.33
A,9,93,310.33
A,9,94,328.79
A,9,95,238.11
A,9,96,1610.08
A,9,97,339.92
A,9,98,230.67
A,9,99,344.10
A,10,0,414.42
A,10,1,347.40
A,10,2,449.96
A,10,3,416.42
A,10,4,387.61
A,10,5,332.34
A,10,6,386.21
A,10,7,412.47
A,10,8,376.18
A,10,9,295.23
A,10,10,417.72
A,10,11,399.46
A,10,12,159.27
A,10,13,429.51
A,10,14,360.83
A,10,15,417.04
A,10,16,432.64
A,10,17,388.84
A,10,18,425.75
A,10,19,465.13
A,10,20,414.38
A,10,21,475.20
A,10,22,466.81
A,10,23,373.71
A,10,24,530.42
A,10,25,415.20
A,10,26,224.09
A,10,27,385.46
A,10,28,298.22
A,10,29,371.48
A,10,30,278.41
A,10,31,311.49
A,10,32,374.75
A,10,33,406.68
A,10,34,1626.44
A,10,35,2201.10
A,10,36,836.93
A,10,37,380.82
A,10,38,841.56
A,10,39,303.12
A,10,40,374.97
A,10,41,208.93
A,10,42,286.75
A,10,43,180.53
A,10,44,231.41
A,10,45,347.03
A,10,46,298.22
A,10,47,294.23
A,10,48,365.81
A,10,49,413.46
A,10,50,318.09
A,10,51,310.30
A,10,52,312.82
A,10,53,269.19
A,10,54,218.35
A,10,55,268.83
A,10,56,247.35
A,10,57,336.85
A,10,58,290.36
A,10,59,334.47
A,10,60,274.64
A,10,61,224.84
A,10,62,352.09
A,10,63,220.95
A,10,64,409.11
A,10,65,408.77
A,10,66,323.27
A,10,67,200.73
A,10,68,283.39
A,10,69,258.52
A,10,70,250.76
A,10,71,305.95
A,10,72,241.80
A,10,73,224.57
A,10,74,337.37
A,10,75,303.27
A,10,76,253.10
A,10,77,195.46
A,10,78,316.43
A,10,79,200.51
A,10,80,202.86
A,10,81,387.95
A,10,82,188.98
A,10,83,235.53
A,10,84,279.17
A,10,85,338.95
A,10,86,367.03
A,10,87,273.78
A,10,88,287.55
A,10,89,322.99
A,10,90,404.73
A,10,91,276.45
A,10,92,251.16
A,10,93,196.04
A,10,94,253.12
A,10,95,334.87
A,10,96,270.85
A,10,97,220.33
A,10,98,370.27
A,10,99,219.59
A,11,0,458.28
A,11,1,431.59
A,11,2,372.99
A,11,3,462.44
A,11,4,465.62
A,11,5,416.04
A,11,6,471.05
A,11,7,389.65
A,11,8,408.42
A,11,9,323.18
A,11,10,424.05
A,11,11,326.86
A,11,12,393.18
A,11,13,272.61
A,11,14,347.78
A,11,15,375.01
A,11,16,479.70
A,11,17,415.59
A,11,18,362.34
A,11,19,346.81
A,11,20,444.61
A,11,21,352.70
A,11,22,383.23
A,11,23,348.41
A,11,24,344.77
A,11,25,423.74
A,11,26,386.18
A,11,27,423.88
A,11,28,384.05
A,11,29,404.84
A,11,30,198.47
A,11,31,222.11
A,11,32,305.68
A,11,33,291.35
A,11,34,253.30
A,11,35,280.51
A,11,36,424.61
A,11,37,312.30
A,11,38,310.04
A,11,39,365.02
A,11,40,438.51
A,11,41,324.53
A,11,42,347.73
A,11,43,388.43
A,11,44,365.09
A,11,45,258.45
A,11,46,2253.31
A,11,47,309.49
A,11,48,404.13
A,11,49,235.73
A,11,50,338.46
A,11,51,439.11
A,11,52,382.13
A,11,53,394.57
A,11,54,348.76
A,11,55,303.97
A,11,56,355.12
A,11,57,255.67
A,11,58,287.96
A,11,59,300.21
A,11,60,245.35
A,11,61,321.39
A,11,62,276.52
A,11,63,262.86
A,11,64,346.30
A,11,65,303.68
A,11,66,211.26
A,11,67,364.25
A,11,68,283.81
A,11,69,256.56
A,11,70,231.84
A,11,71,283.64
A,11,72,354.91
A,11,73,395.76
A,11,74,355.67
A,11,75,316.42
A,11,76,206.59
A,11,77,252.60
A,11,78,282.91
A,11,79,276.00
A,11,80,297.44
A,11,81,373.71
A,11,82,193.48
A,11,83,236.86
A,11,84,272.24
A,11,85,281.50
A,11,86,333.26
A,11,87,398.19
A,11,88,261.42
A,11,89,176.94
A,11,90,166.79
A,11,91,243.66
A,11,92,266.67
A,11,93,300.08
A,11,94,290.62
A,11,95,381.34
A,11,96,331.23
A,11,97,244.31
A,11,98,224.05
A,11,99,293.45
B,0,0,6.28
B,0,1,31.02
B,0,2,52.05
B,0,3,21.37
B,0,4,22.30
B,0,5,5.28
B,0,6,5.04
B,0,7,9.01
B,0,8,42.06
B,0,9,11.71
B,0,10,38.49
B,0,11,31.53
B,0,12,4.35
B,0,13,21.99
B,0,14,34.70
B,0,15,9.38
B,0,16,16.59
B,0,17,8.54
B,0,18,31.33
B,0,19,2.56
B,0,20,2.11
B,0,21,2.70
B,0,22,5.97
B,0,23,4.91
B,0,24,40.40
B,0,25,17.07
B,0,26,19.29
B,0,27,27.92
B,0,28,15.70
B,0,29,9.53
B,0,30,8.72
B,0,31,10.75
B,0,32,25.38
B,0,33,7.11
B,0,34,6.32
B,0,35,5.39
B,0,36,3.18
B,0,37,35.76
B,0,38,10.39
B,0,39,9.66
B,0,40,9.73
B,0,41,19.31
B,0,42,6.36
B,0,43,3.32
B,0,44,2.92
B,0,45,3.76
B,0,46,3.65
B,0,47,4.92
B,0,48,1.98
B,0,49,1.05
B,0,50,2.06
B,0,51,1.82
B,0,52,3.09
B,0,53,1.81
B,0,54,3.86
B,0,55,11.40
B,0,56,3.11
B,0,57,3.59
B,0,58,1.41
B,0,59,16.71
B,0,60,10.56
B,0,61,4.49
B,0,62,3.04
B,0,63,1.87
B,0,64,2.41
B,0,65,24.80
B,0,66,14.86
B,0,67,31.96
B,0,68,20.01
B,0,69,4.22
B,0,70,2.81
B,0,71,4.63
B,0,72,15.80
B,0,73,9.15
B,0,74,2.39
B,0,75,1.96
B,0,76,3.04
B,0,77,37.97
B,0,78,20.27
B,0,79,2.28
B,0,80,1.57
B,0,81,3.08
B,0,82,33.01
B,0,83,23.94
B,0,84,2.66
B,0,85,3.62
B,0,86,2.03
B,0,87,25.51
B,0,88,1.03
B,0,89,9.65
B,0,90,6.08
B,0,91,7.21
B,0,92,17.85
B,0,93,4.20
B,0,94,11.61
B,0,95,0.66
B,0,96,1.83
B,0,97,2.03
B,0,98,2.86
B,0,99,2.74
B,1,0,21.87
B,1,1,25.01
B,1,2,58.90
B,1,3,27.45
B,1,4,5.10
B,1,5,6.63
B,1,6,6.38
B,1,7,7.89
B,1,8,7.27
B,1,9,17.32
B,1,10,11.89
B,1,11,21.13
B,1,12,33.54
B,1,13,23.36
B,1,14,22.60
B,1,15,14.42
B,1,16,62.40
B,1,17,11.90
B,1,18,4.11
B,1,19,14.05
B,1,20,4.42
B,1,21,3.13
B,1,22,4.41
B,1,23,6.95
B,1,24,4.23
B,1,25,5.41
B,1,26,2.83
B,1,27,3.00
B,1,28,2.59
B,1,29,2.19
B,1,30,7.04
B,1,31,11.75
B,1,32,14.27
B,1,33,14.69
B,1,34,30.30
B,1,35,14.33
B,1,36,18.21
B,1,37,11.89
B,1,38,21.72
B,1,39,7.72
B,1,40,11.17
B,1,41,3.82
B,1,42,1.97
B,1,43,1.25
B,1,44,4.95
B,1,45,0.94
B,1,46,2.34
B,1,47,2.87
B,1,48,1.85
B,1,49,3.80
B,1,50,2.60
B,1,51,3.12
B,1,52,1.65
B,1,53,9.05
B,1,54,20.40
B,1,55,26.39
B,1,56,14.22
B,1,57,5.91
B,1,58,4.94
B,1,59,1.37
B,1,60,2.51
B,1,61,2.95
B,1,62,2.41
B,1,63,3.21
B,1,64,2.69
B,1,65,4.13
B,1,66,3.79
B,1,67,2.37
B,1,68,7.79
B,1,69,6.24
B,1,70,2.71
B,1,71,2.59
B,1,72,16.04
B,1,73,5.82
B,1,74,5.98
B,1,75,2.33
B,1,76,28.65
B,1,77,1.94
B,1,78,26.96
B,1,79,4.38
B,1,80,5.21
B,1,81,3.44
B,1,82,1.85
B,1,83,2.27
B,1,84,2.94
B,1,85,26.04
B,1,86,4.22
B,1,87,11.36
B,1,88,20.32
B,1,89,2.91
B,1,90,2.15
B,1,91,16.41
B,1,92,4.62
B,1,93,4.04
B,1,94,1.27
B,1,95,8.60
B,1,96,34.38
B,1,97,1.93
B,1,98,2.50
B,1,99,2.87
B,2,0,11.76
B,2,1,10.02
B,2,2,31.66
B,2,3,19.93
B,2,4,13.76
B,2,5,6.37
B,2,6,9.62
B,2,7,45.12
B,2,8,5.26
B,2,9,5.75
B,2,10,6.16
B,2,11,9.17
B,2,12,20.27
B,2,13,25.61
B,2,14,37.06
B,2,15,16.08
B,2,16,12.20
B,2,17,8.66
B,2,18,6.98
B,2,19,12.16
B,2,20,51.10
B,2,21,7.43
B,2,22,29.91
B,2,23,3.23
B,2,24,73.16
B,2,25,12.51
B,2,26,29.39
B,2,27,34.32
B,2,28,33.08
B,2,29,7.63
B,2,30,9.40
B,2,31,7.58
B,2,32,3.76
B,2,33,42.70
B,2,34,13.10
B,2,35,7.40
B,2,36,8.82
B,2,37,12.68
B,2,38,7.98
B,2,39,5.27
B,2,40,3.67
B,2,41,4.63
B,2,42,2.15
B,2,43,31.63
B,2,44,4.55
B,2,45,5.71
B,2,46,11.51
B,2,47,9.06
B,2,48,5.34
B,2,49,1.83
B,2,50,3.32
B,2,51,2.62
B,2,52,31.82
B,2,53,8.65
B,2,54,7.52
B,2,55,2.37
B,2,56,5.07
B,2,57,3.80
B,2,58,3.57
B,2,59,30.81
B,2,60,2.68
B,2,61,76.23
B,2,62,3.52
B,2,63,2.74
B,2,64,1.70
B,2,65,2.55
B,2,66,2.08
B,2,67,43.01
B,2,68,24.52
B,2,69,3.08
B,2,70,27.15
B,2,71,6.94
B,2,72,4.93
B,2,73,6.31
B,2,74,5.17
B,2,75,11.24
B,2,76,35.10
B,2,77,1.57
B,2,78,3.15
B,2,79,2.85
B,2,80,3.42
B,2,81,49.83
B,2,82,57.33
B,2,83,20.69
B,2,84,38.18
B,2,85,29.70
B,2,86,39.50
B,2,87,7.76
B,2,88,10.54
B,2,89,44.63
B,2,90,8.95
B,2,91,36.37
B,2,92,37.01
B,2,93,10.51
B,2,94,12.47
B,2,95,4.19
B,2,96,6.34
B,2,97,18.67
B,2,98,26.96
B,2,99,1.43
B,3,0,25.93
B,3,1,27.79
B,3,2,18.85
B,3,3,51.45
B,3,4,15.83
B,3,5,18.02
B,3,6,7.80
B,3,7,24.90
B,3,8,36.83
B,3,9,19.23
B,3,10,33.38
B,3,11,11.89
B,3,12,14.53
B,3,13,17.19
B,3,14,29.31
B,3,15,15.89
B,3,16,12.22
B,3,17,12.11
B,3,18,8.61
B,3,19,3.91
B,3,20,3.20
B,3,21,2.75
B,3,22,8.70
B,3,23,4.16
B,3,24,2.29
B,3,25,15.94
B,3,26,7.79
B,3,27,10.31
B,3,28,8.07
B,3,29,39.90
B,3,30,38.08
B,3,31,10.80
B,3,32,21.88
B,3,33,15.88
B,3,34,2.64
B,3,35,7.50
B,3,36,5.39
B,3,37,23.78
B,3,38,24.25
B,3,39,8.61
B,3,40,19.95
B,3,41,21.05
B,3,42,2.50
B,3,43,3.03
B,3,44,3.05
B,3,45,4.13
B,3,46,2.21
B,3,47,1.97
B,3,48,1.01
B,3,49,3.49
B,3,50,2.05
B,3,51,2.15
B,3,52,3.19
B,3,53,6.13
B,3,54,1.33
B,3,55,11.49
B,3,56,3.97
B,3,57,2.17
B,3,58,9.74
B,3,59,1.26
B,3,60,5.92
B,3,61,12.42
B,3,62,4.00
B,3,63,2.41
B,3,64,3.11
B,3,65,2.62
B,3,66,34.76
B,3,67,7.88
B,3,68,3.73
B,3,69,2.24
B,3,70,3.27
B,3,71,4.54
B,3,72,2.12
B,3,73,1.07
B,3,74,1.61
B,3,75,2.50
B,3,76,3.16
B,3,77,4.12
B,3,78,25.75
B,3,79,3.28
B,3,80,23.81
B,3,81,2.58
B,3,82,2.63
B,3,83,3.10
B,3,84,3.06
B,3,85,7.91
B,3,86,7.87
B,3,87,3.32
B,3,88,3.74
B,3,89,17.63
B,3,90,2.40
B,3,91,54.13
B,3,92,2.13
B,3,93,2.02
B,3,94,2.39
B,3,95,2.78
B,3,96,1.71
B,3,97,29.63
B,3,98,1.92
B,3,99,22.69
B,4,0,20.94
B,4,1,7.35
B,4,2,52.36
B,4,3,14.13
B,4,4,23.16
B,4,5,32.30
B,4,6,4.91
B,4,7,6.12
B,4,8,3.47
B,4,9,31.61
B,4,10,2.60
B,4,11,13.86
B,4,12,14.79
B,4,13,8.94
B,4,14,46.21
B,4,15,10.20
B,4,16,8.55
B,4,17,22.46
B,4,18,27.86
B,4,19,5.21
B,4,20,16.67
B,4,21,16.49
B,4,22,34.81
B,4,23,2.82
B,4,24,1.47
B,4,25,3.64
B,4,26,2.34
B,4,27,2.88
B,4,28,3.13
B,4,29,8.04
B,4,30,15.89
B,4,31,55.04
B,4,32,17.10
B,4,33,12.69
B,4,34,8.73
B,4,35,36.08
B,4,36,10.84
B,4,37,3.37
B,4,38,23.93
B,4,39,3.12
B,4,40,2.11
B,4,41,16.80
B,4,42,29.49
B,4,43,13.87
B,4,44,35.13
B,4,45,2.28
B,4,46,1.83
B,4,47,2.82
B,4,48,11.97
B,4,49,4.24
B,4,50,3.11
B,4,51,2.21
B,4,52,5.42
B,4,53,10.75
B,4,54,2.34
B,4,55,66.69
B,4,56,2.17
B,4,57,4.23
B,4,58,4.01
B,4,59,3.30
B,4,60,3.57
B,4,61,2.67
B,4,62,1.87
B,4,63,4.21
B,4,64,1.59
B,4,65,1.44
B,4,66,22.84
B,4,67,30.23
B,4,68,4.18
B,4,69,1.77
B,4,70,2.62
B,4,71,15.87
B,4,72,1.46
B,4,73,4.13
B,4,74,36.59
B,4,75,4.09
B,4,76,2.39
B,4,77,40.81
B,4,78,35.12
B,4,79,29.48
B,4,80,3.62
B,4,81,8.12
B,4,82,4.60
B,4,83,15.13
B,4,84,10.62
B,4,85,1.51
B,4,86,30.92
B,4,87,2.30
B,4,88,46.59
B,4,89,25.63
B,4,90,44.22
B,4,91,18.22
B,4,92,20.65
B,4,93,32.14
B,4,94,41.48
B,4,95,11.67
B,4,96,3.07
B,4,97,9.65
B,4,98,13.46
B,4,99,4.63
B,5,0,38.11
B,5,1,38.54
B,5,2,29.29
B,5,3,37.03
B,5,4,6.48
B,5,5,10.72
B,5,6,31.60
B,5,7,40.46
B,5,8,20.72
B,5,9,17.46
B,5,10,17.61
B,5,11,50.87
B,5,12,14.64
B,5,13,9.04
B,5,14,11.95
B,5,15,31.94
B,5,16,3.27
B,5,17,7.01
B,5,18,8.31
B,5,19,4.00
B,5,20,2.90
B,5,21,3.47
B,5,22,1.66
B,5,23,2.20
B,5,24,51.37
B,5,25,1.11
B,5,26,22.93
B,5,27,10.94
B,5,28,6.57
B,5,29,18.48
B,5,30,12.78
B,5,31,12.61
B,5,32,6.78
B,5,33,9.09
B,5,34,11.92
B,5,35,7.15
B,5,36,2.67
B,5,37,2.30
B,5,38,3.68
B,5,39,4.41
B,5,40,2.78
B,5,41,32.11
B,5,42,12.69
B,5,43,15.71
B,5,44,1.01
B,5,45,9.18
B,5,46,11.09
B,5,47,4.02
B,5,48,3.99
B,5,49,4.43
B,5,50,3.52
B,5,51,2.87
B,5,52,3.07
B,5,53,2.23
B,5,54,3.08
B,5,55,1.96
B,5,56,2.32
B,5,57,3.32
B,5,58,9.78
B,5,59,4.44
B,5,60,2.77
B,5,61,10.86
B,5,62,7.80
B,5,63,11.33
B,5,64,3.72
B,5,65,1.76
B,5,66,2.83
B,5,67,3.25
B,5,68,3.50
B,5,69,35.89
B,5,70,5.71
B,5,71,2.80
B,5,72,24.95
B,5,73,3.21
B,5,74,7.99
B,5,75,6.87
B,5,76,2.15
B,5,77,33.80
B,5,78,3.01
B,5,79,2.41
B,5,80,2.32
B,5,81,13.87
B,5,82,5.09
B,5,83,5.50
B,5,84,12.91
B,5,85,5.46
B,5,86,2.27
B,5,87,5.25
B,5,88,8.27
B,5,89,2.97
B,5,90,1.40
B,5,91,2.62
B,5,92,2.17
B,5,93,2.90
B,5,94,2.43
B,5,95,1.40
B,5,96,3.84
B,5,97,2.20
B,5,98,2.25
B,5,99,47.82
B,6,0,13.35
B,6,1,42.46
B,6,2,6.68
B,6,3,31.58
B,6,4,12.11
B,6,5,34.84
B,6,6,5.95
B,6,7,13.50
B,6,8,14.13
B,6,9,15.82
B,6,10,7.47
B,6,11,17.67
B,6,12,19.59
B,6,13,45.18
B,6,14,11.10
B,6,15,55.71
B,6,16,12.73
B,6,17,7.89
B,6,18,9.66
B,6,19,15.96
B,6,20,7.06
B,6,21,32.22
B,6,22,54.96
B,6,23,22.94
B,6,24,29.44
B,6,25,8.63
B,6,26,47.51
B,6,27,10.36
B,6,28,3.11
B,6,29,3.12
B,6,30,2.87
B,6,31,5.44
B,6,32,2.99
B,6,33,2.44
B,6,34,2.61
B,6,35,1.33
B,6,36,2.55
B,6,37,3.32
B,6,38,11.60
B,6,39,17.48
B,6,40,24.41
B,6,41,4.44
B,6,42,8.17
B,6,43,6.19
B,6,44,3.49
B,6,45,3.13
B,6,46,4.51
B,6,47,32.60
B,6,48,3.86
B,6,49,54.64
B,6,50,2.24
B,6,51,2.19
B,6,52,1.67
B,6,53,2.94
B,6,54,1.73
B,6,55,3.18
B,6,56,8.65
B,6,57,9.24
B,6,58,5.57
B,6,59,3.46
B,6,60,5.96
B,6,61,5.29
B,6,62,4.05
B,6,63,3.05
B,6,64,4.26
B,6,65,3.34
B,6,66,6.42
B,6,67,27.63
B,6,68,17.83
B,6,69,2.33
B,6,70,2.75
B,6,71,13.19
B,6,72,7.29
B,6,73,3.48
B,6,74,3.39
B,6,75,11.11
B,6,76,3.32
B,6,77,2.32
B,6,78,1.64
B,6,79,4.02
B,6,80,8.83
B,6,81,27.82
B,6,82,3.26
B,6,83,1.77
B,6,84,28.89
B,6,85,3.75
B,6,86,1.56
B,6,87,1.19
B,6,88,2.35
B,6,89,49.24
B,6,90,6.30
B,6,91,9.83
B,6,92,1.22
B,6,93,9.11
B,6,94,4.68
B,6,95,5.82
B,6,96,3.66
B,6,97,3.24
B,6,98,1.19
B,6,99,1.69
B,7,0,28.62
B,7,1,15.00
B,7,2,9.05
B,7,3,25.21
B,7,4,36.55
B,7,5,12.33
B,7,6,9.58
B,7,7,16.33
B,7,8,11.48
B,7,9,27.46
B,7,10,30.45
B,7,11,64.31
B,7,12,11.91
B,7,13,58.38
B,7,14,22.39
B,7,15,5.19
B,7,16,8.79
B,7,17,44.73
B,7,18,33.53
B,7,19,55.39
B,7,20,22.53
B,7,21,17.89
B,7,22,17.35
B,7,23,15.65
B,7,24,11.38
B,7,25,4.26
B,7,26,1.99
B,7,27,2.57
B,7,28,2.70
B,7,29,1.54
B,7,30,4.36
B,7,31,2.82
B,7,32,1.79
B,7,33,2.11
B,7,34,8.58
B,7,35,10.59
B,7,36,29.00
B,7,37,8.49
B,7,38,4.13
B,7,39,12.49
B,7,40,3.15
B,7,41,4.17
B,7,42,5.49
B,7,43,33.85
B,7,44,5.38
B,7,45,2.04
B,7,46,15.43
B,7,47,11.99
B,7,48,3.51
B,7,49,3.62
B,7,50,2.32
B,7,51,2.83
B,7,52,40.37
B,7,53,5.91
B,7,54,3.47
B,7,55,5.15
B,7,56,3.02
B,7,57,2.28
B,7,58,1.67
B,7,59,2.25
B,7,60,3.59
B,7,61,2.53
B,7,62,1.48
B,7,63,4.10
B,7,64,5.95
B,7,65,2.76
B,7,66,38.81
B,7,67,4.00
B,7,68,3.26
B,7,69,2.83
B,7,70,2.15
B,7,71,12.98
B,7,72,3.92
B,7,73,3.26
B,7,74,4.87
B,7,75,9.74
B,7,76,3.74
B,7,77,4.05
B,7,78,4.19
B,7,79,3.00
B,7,80,8.26
B,7,81,2.49
B,7,82,0.98
B,7,83,3.47
B,7,84,4.62
B,7,85,2.61
B,7,86,2.41
B,7,87,2.72
B,7,88,3.70
B,7,89,2.44
B,7,90,1.96
B,7,91,3.24
B,7,92,4.55
B,7,93,1.70
B,7,94,2.50
B,7,95,3.21
B,7,96,1.79
B,7,97,2.44
B,7,98,3.50
B,7,99,4.87
B,8,0,38.83
B,8,1,24.42
B,8,2,30.67
B,8,3,10.31
B,8,4,9.09
B,8,5,14.62
B,8,6,22.65
B,8,7,5.48
B,8,8,2.68
B,8,9,13.11
B,8,10,19.72
B,8,11,59.18
B,8,12,23.36
B,8,13,6.02
B,8,14,16.89
B,8,15,40.33
B,8,16,16.15
B,8,17,16.25
B,8,18,17.14
B,8,19,4.19
B,8,20,4.90
B,8,21,5.78
B,8,22,4.25
B,8,23,2.26
B,8,24,2.79
B,8,25,6.84
B,8,26,5.50
B,8,27,4.94
B,8,28,1.96
B,8,29,28.21
B,8,30,8.69
B,8,31,15.73
B,8,32,18.72
B,8,33,46.61
B,8,34,10.68
B,8,35,13.49
B,8,36,17.73
B,8,37,11.89
B,8,38,7.48
B,8,39,3.18
B,8,40,2.14
B,8,41,2.56
B,8,42,4.29
B,8,43,3.35
B,8,44,2.95
B,8,45,3.49
B,8,46,2.62
B,8,47,3.54
B,8,48,15.40
B,8,49,41.62
B,8,50,7.73
B,8,51,7.36
B,8,52,1.23
B,8,53,3.42
B,8,54,4.13
B,8,55,2.54
B,8,56,1.02
B,8,57,32.72
B,8,58,2.36
B,8,59,2.41
B,8,60,1.19
B,8,61,1.29
B,8,62,29.43
B,8,63,4.43
B,8,64,32.66
B,8,65,10.38
B,8,66,7.25
B,8,67,3.70
B,8,68,2.17
B,8,69,5.62
B,8,70,2.97
B,8,71,3.63
B,8,72,2.86
B,8,73,3.26
B,8,74,43.08
B,8,75,15.88
B,8,76,2.96
B,8,77,1.88
B,8,78,2.54
B,8,79,0.85
B,8,80,11.85
B,8,81,5.24
B,8,82,4.35
B,8,83,5.73
B,8,84,7.85
B,8,85,2.31
B,8,86,3.09
B,8,87,2.86
B,8,88,4.13
B,8,89,5.28
B,8,90,3.68
B,8,91,3.88
B,8,92,3.63
B,8,93,3.19
B,8,94,2.14
B,8,95,4.14
B,8,96,3.58
B,8,97,1.63
B,8,98,24.36
B,8,99,2.11
B,9,0,45.98
B,9,1,23.22
B,9,2,8.57
B,9,3,6.98
B,9,4,45.12
B,9,5,8.29
B,9,6,4.53
B,9,7,10.55
B,9,8,32.92
B,9,9,11.10
B,9,10,19.63
B,9,11,39.11
B,9,12,18.99
B,9,13,8.90
B,9,14,15.14
B,9,15,46.72
B,9,16,37.92
B,9,17,9.36
B,9,18,10.95
B,9,19,3.02
B,9,20,5.01
B,9,21,26.44
B,9,22,3.16
B,9,23,2.42
B,9,24,10.63
B,9,25,12.52
B,9,26,10.50
B,9,27,9.29
B,9,28,39.60
B,9,29,26.06
B,9,30,56.09
B,9,31,4.02
B,9,32,3.21
B,9,33,5.63
B,9,34,3.39
B,9,35,53.35
B,9,36,18.53
B,9,37,9.67
B,9,38,27.70
B,9,39,1.35
B,9,40,3.68
B,9,41,3.29
B,9,42,8.84
B,9,43,4.66
B,9,44,4.06
B,9,45,1.70
B,9,46,4.69
B,9,47,21.57
B,9,48,3.85
B,9,49,2.61
B,9,50,42.11
B,9,51,8.60
B,9,52,2.73
B,9,53,2.49
B,9,54,4.56
B,9,55,4.75
B,9,56,3.07
B,9,57,4.55
B,9,58,2.21
B,9,59,2.27
B,9,60,2.29
B,9,61,2.16
B,9,62,41.26
B,9,63,21.11
B,9,64,12.49
B,9,65,3.51
B,9,66,4.75
B,9,67,26.97
B,9,68,8.08
B,9,69,3.08
B,9,70,1.63
B,9,71,2.88
B,9,72,1.45
B,9,73,1.95
B,9,74,2.84
B,9,75,2.75
B,9,76,4.31
B,9,77,2.66
B,9,78,4.00
B,9,79,3.85
B,9,80,26.25
B,9,81,4.49
B,9,82,18.36
B,9,83,3.72
B,9,84,2.92
B,9,85,2.75
B,9,86,4.33
B,9,87,7.67
B,9,88,11.30
B,9,89,17.02
B,9,90,19.22
B,9,91,4.34
B,9,92,3.20
B,9,93,29.15
B,9,94,2.05
B,9,95,2.77
B,9,96,2.58
B,9,97,44.32
B,9,98,27.34
B,9,99,20.53
B,10,0,20.07
B,10,1,27.24
B,10,2,38.84
B,10,3,19.34
B,10,4,29.90
B,10,5,5.28
B,10,6,49.22
B,10,7,23.46
B,10,8,20.56
B,10,9,18.25
B,10,10,22.35
B,10,11,19.57
B,10,12,24.44
B,10,13,21.78
B,10,14,29.36
B,10,15,1.25
B,10,16,43.16
B,10,17,36.40
B,10,18,17.35
B,10,19,10.29
B,10,20,20.77
B,10,21,25.88
B,10,22,37.65
B,10,23,15.96
B,10,24,12.46
B,10,25,11.92
B,10,26,5.22
B,10,27,28.77
B,10,28,5.21
B,10,29,7.39
B,10,30,15.09
B,10,31,22.70
B,10,32,12.36
B,10,33,11.25
B,10,34,4.67
B,10,35,27.27
B,10,36,6.17
B,10,37,8.05
B,10,38,2.93
B,10,39,5.46
B,10,40,10.94
B,10,41,3.85
B,10,42,13.49
B,10,43,3.59
B,10,44,24.04
B,10,45,2.48
B,10,46,5.92
B,10,47,8.84
B,10,48,10.91
B,10,49,2.81
B,10,50,24.58
B,10,51,4.33
B,10,52,5.03
B,10,53,5.69
B,10,54,38.18
B,10,55,2.63
B,10,56,2.98
B,10,57,1.81
B,10,58,15.67
B,10,59,26.98
B,10,60,3.49
B,10,61,2.86
B,10,62,10.00
B,10,63,2.98
B,10,64,2.55
B,10,65,3.27
B,10,66,3.22
B,10,67,2.52
B,10,68,3.73
B,10,69,2.95
B,10,70,1.64
B,10,71,2.88
B,10,72,1.46
B,10,73,2.09
B,10,74,3.09
B,10,75,2.28
B,10,76,2.32
B,10,77,1.88
B,10,78,2.46
B,10,79,1.56
B,10,80,31.95
B,10,81,3.36
B,10,82,1.92
B,10,83,2.32
B,10,84,2.47
B,10,85,6.15
B,10,86,5.13
B,10,87,1.19
B,10,88,12.36
B,10,89,14.10
B,10,90,4.25
B,10,91,18.47
B,10,92,21.83
B,10,93,3.81
B,10,94,2.29
B,10,95,2.27
B,10,96,2.46
B,10,97,4.37
B,10,98,2.25
B,10,99,2.40
B,11,0,52.57
B,11,1,12.65
B,11,2,46.20
B,11,3,24.59
B,11,4,5.21
B,11,5,4.76
B,11,6,8.22
B,11,7,11.26
B,11,8,43.81
B,11,9,35.64
B,11,10,27.03
B,11,11,14.58
B,11,12,15.98
B,11,13,23.10
B,11,14,18.03
B,11,15,18.46
B,11,16,6.30
B,11,17,10.91
B,11,18,9.24
B,11,19,14.09
B,11,20,30.18
B,11,21,1.16
B,11,22,2.57
B,11,23,2.90
B,11,24,4.13
B,11,25,11.11
B,11,26,11.21
B,11,27,47.20
B,11,28,13.57
B,11,29,19.08
B,11,30,8.39
B,11,31,22.70
B,11,32,10.83
B,11,33,34.76
B,11,34,2.13
B,11,35,2.84
B,11,36,32.23
B,11,37,7.42
B,11,38,19.86
B,11,39,12.62
B,11,40,8.61
B,11,41,1.92
B,11,42,3.98
B,11,43,3.14
B,11,44,1.64
B,11,45,1.97
B,11,46,3.14
B,11,47,2.59
B,11,48,3.11
B,11,49,2.97
B,11,50,1.95
B,11,51,2.48
B,11,52,1.98
B,11,53,2.05
B,11,54,2.53
B,11,55,3.99
B,11,56,9.33
B,11,57,2.78
B,11,58,5.40
B,11,59,13.89
B,11,60,12.24
B,11,61,4.24
B,11,62,1.36
B,11,63,3.12
B,11,64,1.90
B,11,65,2.14
B,11,66,28.13
B,11,67,8.09
B,11,68,7.80
B,11,69,3.94
B,11,70,5.50
B,11,71,2.83
B,11,72,1.71
B,11,73,2.57
B,11,74,2.78
B,11,75,2.19
B,11,76,3.26
B,11,77,2.39
B,11,78,40.05
B,11,79,13.03
B,11,80,2.00
B,11,81,22.52
B,11,82,20.93
B,11,83,3.42
B,11,84,2.19
B,11,85,29.12
B,11,86,2.22
B,11,87,3.65
B,11,88,3.28
B,11,89,2.42
B,11,90,3.63
B,11,91,3.17
B,11,92,2.51
B,11,93,2.59
B,11,94,4.30
B,11,95,1.75
B,11,96,29.12
B,11,97,3.89
B,11,98,6.30
B,11,99,3.49
