store,pass,worker,sample,wall_ms
A,1,0,0,865.78
A,1,0,1,867.17
A,1,0,2,839.87
A,1,0,3,814.93
A,1,0,4,759.54
A,1,0,5,796.05
A,1,0,6,831.76
A,1,0,7,822.24
A,1,0,8,723.84
A,1,0,9,741.51
A,1,0,10,753.51
A,1,0,11,682.18
A,1,0,12,763.03
A,1,0,13,771.59
A,1,0,14,849.83
A,1,0,15,727.91
A,1,0,16,797.73
A,1,0,17,771.05
A,1,0,18,678.87
A,1,0,19,813.29
A,1,0,20,717.24
A,1,0,21,712.51
A,1,0,22,648.31
A,1,0,23,768.01
A,1,0,24,662.56
A,1,0,25,812.10
A,1,0,26,843.37
A,1,0,27,709.96
A,1,0,28,720.24
A,1,0,29,631.53
A,1,0,30,640.48
A,1,0,31,660.78
A,1,0,32,642.74
A,1,0,33,649.94
A,1,0,34,522.69
A,1,0,35,695.46
A,1,0,36,624.67
A,1,0,37,617.62
A,1,0,38,563.22
A,1,0,39,674.74
A,1,0,40,762.97
A,1,0,41,600.35
A,1,0,42,558.54
A,1,0,43,606.61
A,1,0,44,627.19
A,1,0,45,674.52
A,1,0,46,774.30
A,1,0,47,545.34
A,1,0,48,577.34
A,1,0,49,640.50
A,1,0,50,557.79
A,1,0,51,611.63
A,1,0,52,757.04
A,1,0,53,575.94
A,1,0,54,534.77
A,1,0,55,725.15
A,1,0,56,648.51
A,1,0,57,597.59
A,1,0,58,573.36
A,1,0,59,635.83
A,1,0,60,646.23
A,1,0,61,687.05
A,1,0,62,765.06
A,1,0,63,737.31
A,1,0,64,707.94
A,1,0,65,682.15
A,1,0,66,481.19
A,1,0,67,553.63
A,1,0,68,638.73
A,1,0,69,511.18
A,1,0,70,627.04
A,1,0,71,577.16
A,1,0,72,666.68
A,1,0,73,748.11
A,1,0,74,629.61
A,1,0,75,511.45
A,1,0,76,567.78
A,1,0,77,554.22
A,1,0,78,598.40
A,1,0,79,572.68
A,1,0,80,550.29
A,1,0,81,604.88
A,1,0,82,681.39
A,1,0,83,599.13
A,1,0,84,415.91
A,1,0,85,559.15
A,1,0,86,498.61
A,1,0,87,657.54
A,1,0,88,491.46
A,1,0,89,528.79
A,1,0,90,659.24
A,1,0,91,641.01
A,1,0,92,493.07
A,1,0,93,650.83
A,1,0,94,583.35
A,1,0,95,612.63
A,1,0,96,550.41
A,1,0,97,542.21
A,1,0,98,510.69
A,1,0,99,660.27
A,1,1,0,893.08
A,1,1,1,822.77
A,1,1,2,780.66
A,1,1,3,822.21
A,1,1,4,848.86
A,1,1,5,809.59
A,1,1,6,835.78
A,1,1,7,746.35
A,1,1,8,854.59
A,1,1,9,772.18
A,1,1,10,835.33
A,1,1,11,722.99
A,1,1,12,807.72
A,1,1,13,753.57
A,1,1,14,832.41
A,1,1,15,778.70
A,1,1,16,712.97
A,1,1,17,789.53
A,1,1,18,654.62
A,1,1,19,763.73
A,1,1,20,816.97
A,1,1,21,863.82
A,1,1,22,686.96
A,1,1,23,679.79
A,1,1,24,677.80
A,1,1,25,645.92
A,1,1,26,760.06
A,1,1,27,629.94
A,1,1,28,639.68
A,1,1,29,602.91
A,1,1,30,698.18
A,1,1,31,494.49
A,1,1,32,685.67
A,1,1,33,737.74
A,1,1,34,600.11
A,1,1,35,577.64
A,1,1,36,630.92
A,1,1,37,640.49
A,1,1,38,655.45
A,1,1,39,655.56
A,1,1,40,623.95
A,1,1,41,688.41
A,1,1,42,556.48
A,1,1,43,640.45
A,1,1,44,655.18
A,1,1,45,636.27
A,1,1,46,563.05
A,1,1,47,800.98
A,1,1,48,750.55
A,1,1,49,529.82
A,1,1,50,527.05
A,1,1,51,710.49
A,1,1,52,621.23
A,1,1,53,587.03
A,1,1,54,652.76
A,1,1,55,658.39
A,1,1,56,522.51
A,1,1,57,692.31
A,1,1,58,612.96
A,1,1,59,672.57
A,1,1,60,526.90
A,1,1,61,687.15
A,1,1,62,594.28
A,1,1,63,577.99
A,1,1,64,732.71
A,1,1,65,626.17
A,1,1,66,638.37
A,1,1,67,602.77
A,1,1,68,709.49
A,1,1,69,725.17
A,1,1,70,608.77
A,1,1,71,746.34
A,1,1,72,557.44
A,1,1,73,621.10
A,1,1,74,584.39
A,1,1,75,620.17
A,1,1,76,567.13
A,1,1,77,574.07
A,1,1,78,616.63
A,1,1,79,673.72
A,1,1,80,594.94
A,1,1,81,593.04
A,1,1,82,644.87
A,1,1,83,634.55
A,1,1,84,522.54
A,1,1,85,578.45
A,1,1,86,684.03
A,1,1,87,585.50
A,1,1,88,592.00
A,1,1,89,570.39
A,1,1,90,577.06
A,1,1,91,618.62
A,1,1,92,700.30
A,1,1,93,539.98
A,1,1,94,498.50
A,1,1,95,510.50
A,1,1,96,444.43
A,1,1,97,495.56
A,1,1,98,555.95
A,1,1,99,517.35
A,1,2,0,947.15
A,1,2,1,826.30
A,1,2,2,813.08
A,1,2,3,878.17
A,1,2,4,863.59
A,1,2,5,780.25
A,1,2,6,708.41
A,1,2,7,783.18
A,1,2,8,739.15
A,1,2,9,710.12
A,1,2,10,800.05
A,1,2,11,851.11
A,1,2,12,633.78
A,1,2,13,721.69
A,1,2,14,771.90
A,1,2,15,661.74
A,1,2,16,680.02
A,1,2,17,755.61
A,1,2,18,753.97
A,1,2,19,825.45
A,1,2,20,592.50
A,1,2,21,695.46
A,1,2,22,533.20
A,1,2,23,612.92
A,1,2,24,675.64
A,1,2,25,721.13
A,1,2,26,696.23
A,1,2,27,619.68
A,1,2,28,612.05
A,1,2,29,771.80
A,1,2,30,615.14
A,1,2,31,686.68
A,1,2,32,768.03
A,1,2,33,871.63
A,1,2,34,611.88
A,1,2,35,741.77
A,1,2,36,593.90
A,1,2,37,620.15
A,1,2,38,731.13
A,1,2,39,697.78
A,1,2,40,713.20
A,1,2,41,726.79
A,1,2,42,646.70
A,1,2,43,708.78
A,1,2,44,644.19
A,1,2,45,664.17
A,1,2,46,677.07
A,1,2,47,737.97
A,1,2,48,512.62
A,1,2,49,472.08
A,1,2,50,563.65
A,1,2,51,493.74
A,1,2,52,611.46
A,1,2,53,707.35
A,1,2,54,621.59
A,1,2,55,666.25
A,1,2,56,617.20
A,1,2,57,472.94
A,1,2,58,551.66
A,1,2,59,645.43
A,1,2,60,569.39
A,1,2,61,644.77
A,1,2,62,550.96
A,1,2,63,653.79
A,1,2,64,772.67
A,1,2,65,542.46
A,1,2,66,721.00
A,1,2,67,536.76
A,1,2,68,593.22
A,1,2,69,545.82
A,1,2,70,611.21
A,1,2,71,598.57
A,1,2,72,586.54
A,1,2,73,715.20
A,1,2,74,717.52
A,1,2,75,537.40
A,1,2,76,572.41
A,1,2,77,723.00
A,1,2,78,691.32
A,1,2,79,769.09
A,1,2,80,516.41
A,1,2,81,581.21
A,1,2,82,629.02
A,1,2,83,661.17
A,1,2,84,558.18
A,1,2,85,545.04
A,1,2,86,576.73
A,1,2,87,522.40
A,1,2,88,683.93
A,1,2,89,534.47
A,1,2,90,601.69
A,1,2,91,649.63
A,1,2,92,544.57
A,1,2,93,464.70
A,1,2,94,646.82
A,1,2,95,567.48
A,1,2,96,616.21
A,1,2,97,606.49
A,1,2,98,616.25
A,1,2,99,548.03
A,1,3,0,842.95
A,1,3,1,807.92
A,1,3,2,881.65
A,1,3,3,895.03
A,1,3,4,787.61
A,1,3,5,805.77
A,1,3,6,814.86
A,1,3,7,924.93
A,1,3,8,885.44
A,1,3,9,772.99
A,1,3,10,729.51
A,1,3,11,731.98
A,1,3,12,769.97
A,1,3,13,675.97
A,1,3,14,675.52
A,1,3,15,739.01
A,1,3,16,853.20
A,1,3,17,803.55
A,1,3,18,775.07
A,1,3,19,740.24
A,1,3,20,613.11
A,1,3,21,617.50
A,1,3,22,641.10
A,1,3,23,613.47
A,1,3,24,736.26
A,1,3,25,612.57
A,1,3,26,708.53
A,1,3,27,653.63
A,1,3,28,685.88
A,1,3,29,1971.97
A,1,3,30,537.60
A,1,3,31,771.94
A,1,3,32,694.80
A,1,3,33,838.75
A,1,3,34,800.79
A,1,3,35,821.05
A,1,3,36,672.52
A,1,3,37,681.93
A,1,3,38,656.38
A,1,3,39,576.11
A,1,3,40,773.25
A,1,3,41,641.39
A,1,3,42,707.20
A,1,3,43,529.50
A,1,3,44,687.36
A,1,3,45,541.92
A,1,3,46,630.13
A,1,3,47,647.08
A,1,3,48,772.10
A,1,3,49,660.64
A,1,3,50,537.00
A,1,3,51,610.85
A,1,3,52,661.01
A,1,3,53,521.82
A,1,3,54,581.23
A,1,3,55,756.66
A,1,3,56,614.03
A,1,3,57,774.97
A,1,3,58,672.71
A,1,3,59,812.70
A,1,3,60,603.73
A,1,3,61,660.97
A,1,3,62,567.47
A,1,3,63,565.71
A,1,3,64,813.82
A,1,3,65,605.68
A,1,3,66,639.78
A,1,3,67,644.95
A,1,3,68,579.33
A,1,3,69,589.62
A,1,3,70,461.35
A,1,3,71,514.98
A,1,3,72,513.00
A,1,3,73,545.55
A,1,3,74,492.58
A,1,3,75,601.46
A,1,3,76,505.99
A,1,3,77,642.21
A,1,3,78,639.31
A,1,3,79,618.33
A,1,3,80,615.73
A,1,3,81,672.20
A,1,3,82,540.04
A,1,3,83,445.00
A,1,3,84,477.56
A,1,3,85,470.12
A,1,3,86,508.12
A,1,3,87,693.56
A,1,3,88,425.85
A,1,3,89,486.92
A,1,3,90,547.69
A,1,3,91,607.60
A,1,3,92,576.84
A,1,3,93,572.61
A,1,3,94,497.46
A,1,3,95,587.28
A,1,3,96,554.56
A,1,3,97,449.61
A,1,3,98,544.89
A,1,3,99,537.73
A,1,4,0,923.43
A,1,4,1,831.92
A,1,4,2,906.08
A,1,4,3,813.05
A,1,4,4,858.41
A,1,4,5,681.81
A,1,4,6,789.51
A,1,4,7,804.34
A,1,4,8,758.19
A,1,4,9,713.27
A,1,4,10,848.72
A,1,4,11,705.04
A,1,4,12,752.79
A,1,4,13,645.68
A,1,4,14,840.44
A,1,4,15,679.94
A,1,4,16,630.41
A,1,4,17,650.96
A,1,4,18,898.34
A,1,4,19,712.83
A,1,4,20,575.76
A,1,4,21,654.59
A,1,4,22,715.78
A,1,4,23,756.73
A,1,4,24,682.95
A,1,4,25,694.91
A,1,4,26,672.97
A,1,4,27,654.70
A,1,4,28,2579.57
A,1,4,29,628.00
A,1,4,30,591.48
A,1,4,31,584.78
A,1,4,32,731.04
A,1,4,33,685.33
A,1,4,34,525.64
A,1,4,35,662.28
A,1,4,36,635.39
A,1,4,37,587.97
A,1,4,38,577.20
A,1,4,39,549.23
A,1,4,40,658.47
A,1,4,41,752.76
A,1,4,42,658.80
A,1,4,43,595.34
A,1,4,44,723.35
A,1,4,45,615.80
A,1,4,46,569.85
A,1,4,47,673.02
A,1,4,48,642.50
A,1,4,49,680.35
A,1,4,50,603.44
A,1,4,51,656.53
A,1,4,52,554.40
A,1,4,53,601.84
A,1,4,54,460.31
A,1,4,55,648.28
A,1,4,56,581.45
A,1,4,57,630.62
A,1,4,58,667.78
A,1,4,59,696.12
A,1,4,60,645.46
A,1,4,61,649.92
A,1,4,62,617.05
A,1,4,63,587.25
A,1,4,64,711.51
A,1,4,65,560.97
A,1,4,66,608.73
A,1,4,67,499.18
A,1,4,68,659.44
A,1,4,69,593.81
A,1,4,70,589.73
A,1,4,71,524.83
A,1,4,72,633.49
A,1,4,73,508.34
A,1,4,74,540.89
A,1,4,75,543.62
A,1,4,76,569.25
A,1,4,77,653.65
A,1,4,78,643.93
A,1,4,79,715.91
A,1,4,80,659.43
A,1,4,81,571.30
A,1,4,82,564.44
A,1,4,83,667.46
A,1,4,84,731.99
A,1,4,85,428.62
A,1,4,86,500.91
A,1,4,87,535.19
A,1,4,88,796.95
A,1,4,89,603.51
A,1,4,90,586.94
A,1,4,91,652.38
A,1,4,92,583.09
A,1,4,93,631.58
A,1,4,94,612.37
A,1,4,95,609.11
A,1,4,96,532.37
A,1,4,97,500.05
A,1,4,98,716.40
A,1,4,99,555.59
A,1,5,0,855.59
A,1,5,1,805.87
A,1,5,2,822.65
A,1,5,3,833.00
A,1,5,4,836.41
A,1,5,5,738.50
A,1,5,6,748.51
A,1,5,7,835.13
A,1,5,8,828.82
A,1,5,9,768.29
A,1,5,10,716.61
A,1,5,11,849.13
A,1,5,12,727.49
A,1,5,13,759.96
A,1,5,14,778.15
A,1,5,15,723.02
A,1,5,16,725.74
A,1,5,17,804.60
A,1,5,18,687.13
A,1,5,19,725.16
A,1,5,20,769.33
A,1,5,21,719.55
A,1,5,22,682.52
A,1,5,23,639.35
A,1,5,24,644.73
A,1,5,25,662.44
A,1,5,26,721.73
A,1,5,27,663.67
A,1,5,28,647.14
A,1,5,29,1555.47
A,1,5,30,805.93
A,1,5,31,717.23
A,1,5,32,603.02
A,1,5,33,596.26
A,1,5,34,533.58
A,1,5,35,635.67
A,1,5,36,553.58
A,1,5,37,768.65
A,1,5,38,914.41
A,1,5,39,613.29
A,1,5,40,684.00
A,1,5,41,556.14
A,1,5,42,575.81
A,1,5,43,786.70
A,1,5,44,696.35
A,1,5,45,639.25
A,1,5,46,711.77
A,1,5,47,574.95
A,1,5,48,635.49
A,1,5,49,626.50
A,1,5,50,619.63
A,1,5,51,564.66
A,1,5,52,572.23
A,1,5,53,618.66
A,1,5,54,676.39
A,1,5,55,595.36
A,1,5,56,658.13
A,1,5,57,525.60
A,1,5,58,703.54
A,1,5,59,634.05
A,1,5,60,683.37
A,1,5,61,649.92
A,1,5,62,469.99
A,1,5,63,736.71
A,1,5,64,678.58
A,1,5,65,586.49
A,1,5,66,608.10
A,1,5,67,544.22
A,1,5,68,684.50
A,1,5,69,669.30
A,1,5,70,701.45
A,1,5,71,512.64
A,1,5,72,592.33
A,1,5,73,595.56
A,1,5,74,740.65
A,1,5,75,518.01
A,1,5,76,533.04
A,1,5,77,573.73
A,1,5,78,609.70
A,1,5,79,554.84
A,1,5,80,562.66
A,1,5,81,532.64
A,1,5,82,590.13
A,1,5,83,630.25
A,1,5,84,656.72
A,1,5,85,619.20
A,1,5,86,642.17
A,1,5,87,526.15
A,1,5,88,585.32
A,1,5,89,586.22
A,1,5,90,450.79
A,1,5,91,478.29
A,1,5,92,690.30
A,1,5,93,585.38
A,1,5,94,553.03
A,1,5,95,683.82
A,1,5,96,526.04
A,1,5,97,515.08
A,1,5,98,653.87
A,1,5,99,634.86
A,1,6,0,845.00
A,1,6,1,827.53
A,1,6,2,844.55
A,1,6,3,811.56
A,1,6,4,799.94
A,1,6,5,836.11
A,1,6,6,866.40
A,1,6,7,799.60
A,1,6,8,5437.61
A,1,6,9,841.54
A,1,6,10,855.16
A,1,6,11,658.15
A,1,6,12,699.78
A,1,6,13,735.23
A,1,6,14,706.16
A,1,6,15,693.80
A,1,6,16,555.79
A,1,6,17,701.48
A,1,6,18,632.18
A,1,6,19,632.33
A,1,6,20,654.19
A,1,6,21,625.01
A,1,6,22,834.11
A,1,6,23,594.66
A,1,6,24,549.34
A,1,6,25,683.90
A,1,6,26,678.65
A,1,6,27,738.51
A,1,6,28,585.36
A,1,6,29,791.32
A,1,6,30,601.58
A,1,6,31,591.63
A,1,6,32,576.66
A,1,6,33,802.74
A,1,6,34,588.12
A,1,6,35,730.69
A,1,6,36,675.01
A,1,6,37,749.03
A,1,6,38,639.56
A,1,6,39,637.85
A,1,6,40,588.57
A,1,6,41,574.77
A,1,6,42,593.83
A,1,6,43,621.81
A,1,6,44,520.98
A,1,6,45,758.20
A,1,6,46,599.99
A,1,6,47,578.18
A,1,6,48,552.64
A,1,6,49,630.29
A,1,6,50,605.38
A,1,6,51,599.87
A,1,6,52,632.94
A,1,6,53,598.46
A,1,6,54,588.17
A,1,6,55,390.63
A,1,6,56,709.23
A,1,6,57,659.69
A,1,6,58,636.93
A,1,6,59,602.42
A,1,6,60,722.86
A,1,6,61,717.23
A,1,6,62,553.81
A,1,6,63,688.27
A,1,6,64,637.44
A,1,6,65,570.25
A,1,6,66,663.62
A,1,6,67,518.97
A,1,6,68,601.18
A,1,6,69,582.37
A,1,6,70,702.63
A,1,6,71,451.91
A,1,6,72,598.40
A,1,6,73,563.24
A,1,6,74,686.34
A,1,6,75,475.02
A,1,6,76,567.77
A,1,6,77,583.76
A,1,6,78,558.14
A,1,6,79,579.41
A,1,6,80,599.70
A,1,6,81,597.99
A,1,6,82,406.26
A,1,6,83,513.55
A,1,6,84,575.34
A,1,6,85,570.92
A,1,6,86,541.77
A,1,6,87,552.74
A,1,6,88,440.08
A,1,6,89,582.06
A,1,6,90,537.53
A,1,6,91,592.34
A,1,6,92,524.55
A,1,6,93,492.45
A,1,6,94,589.12
A,1,6,95,469.62
A,1,6,96,600.86
A,1,6,97,619.17
A,1,6,98,586.82
A,1,6,99,563.55
A,1,7,0,793.83
A,1,7,1,846.07
A,1,7,2,792.39
A,1,7,3,829.78
A,1,7,4,796.10
A,1,7,5,785.51
A,1,7,6,625.73
A,1,7,7,846.43
A,1,7,8,754.51
A,1,7,9,850.48
A,1,7,10,815.04
A,1,7,11,829.14
A,1,7,12,790.86
A,1,7,13,828.78
A,1,7,14,778.77
A,1,7,15,697.94
A,1,7,16,819.48
A,1,7,17,751.76
A,1,7,18,902.87
A,1,7,19,641.86
A,1,7,20,696.37
A,1,7,21,787.75
A,1,7,22,659.88
A,1,7,23,576.33
A,1,7,24,629.55
A,1,7,25,671.14
A,1,7,26,650.94
A,1,7,27,617.03
A,1,7,28,617.40
A,1,7,29,651.24
A,1,7,30,1375.66
A,1,7,31,678.99
A,1,7,32,723.61
A,1,7,33,662.26
A,1,7,34,683.83
A,1,7,35,632.37
A,1,7,36,764.22
A,1,7,37,603.85
A,1,7,38,684.94
A,1,7,39,707.47
A,1,7,40,638.17
A,1,7,41,682.96
A,1,7,42,612.86
A,1,7,43,643.73
A,1,7,44,692.61
A,1,7,45,743.88
A,1,7,46,639.01
A,1,7,47,727.30
A,1,7,48,666.17
A,1,7,49,719.84
A,1,7,50,720.81
A,1,7,51,773.23
A,1,7,52,622.51
A,1,7,53,617.24
A,1,7,54,719.23
A,1,7,55,618.83
A,1,7,56,577.69
A,1,7,57,605.08
A,1,7,58,555.62
A,1,7,59,716.01
A,1,7,60,505.66
A,1,7,61,621.87
A,1,7,62,621.52
A,1,7,63,610.40
A,1,7,64,578.17
A,1,7,65,569.79
A,1,7,66,591.55
A,1,7,67,552.45
A,1,7,68,644.75
A,1,7,69,688.89
A,1,7,70,614.89
A,1,7,71,579.10
A,1,7,72,489.82
A,1,7,73,614.94
A,1,7,74,579.14
A,1,7,75,653.51
A,1,7,76,635.61
A,1,7,77,695.72
A,1,7,78,608.58
A,1,7,79,549.84
A,1,7,80,668.97
A,1,7,81,582.03
A,1,7,82,631.41
A,1,7,83,503.61
A,1,7,84,614.80
A,1,7,85,663.73
A,1,7,86,515.17
A,1,7,87,609.60
A,1,7,88,551.85
A,1,7,89,675.74
A,1,7,90,582.95
A,1,7,91,495.13
A,1,7,92,508.90
A,1,7,93,676.45
A,1,7,94,593.30
A,1,7,95,655.53
A,1,7,96,482.99
A,1,7,97,605.60
A,1,7,98,581.77
A,1,7,99,561.59
A,1,8,0,873.55
A,1,8,1,912.19
A,1,8,2,846.37
A,1,8,3,869.74
A,1,8,4,878.82
A,1,8,5,789.47
A,1,8,6,719.58
A,1,8,7,785.88
A,1,8,8,785.29
A,1,8,9,844.91
A,1,8,10,713.88
A,1,8,11,752.31
A,1,8,12,749.28
A,1,8,13,855.55
A,1,8,14,824.45
A,1,8,15,692.67
A,1,8,16,824.84
A,1,8,17,658.12
A,1,8,18,623.49
A,1,8,19,782.34
A,1,8,20,533.41
A,1,8,21,630.31
A,1,8,22,700.51
A,1,8,23,770.19
A,1,8,24,497.06
A,1,8,25,677.24
A,1,8,26,610.94
A,1,8,27,698.27
A,1,8,28,675.52
A,1,8,29,2082.59
A,1,8,30,716.98
A,1,8,31,542.78
A,1,8,32,721.14
A,1,8,33,636.07
A,1,8,34,713.21
A,1,8,35,921.38
A,1,8,36,728.76
A,1,8,37,564.42
A,1,8,38,591.84
A,1,8,39,656.81
A,1,8,40,625.35
A,1,8,41,738.55
A,1,8,42,539.18
A,1,8,43,756.47
A,1,8,44,588.99
A,1,8,45,698.22
A,1,8,46,586.10
A,1,8,47,687.65
A,1,8,48,611.34
A,1,8,49,679.97
A,1,8,50,658.96
A,1,8,51,583.24
A,1,8,52,660.57
A,1,8,53,601.26
A,1,8,54,653.22
A,1,8,55,584.90
A,1,8,56,688.31
A,1,8,57,648.74
A,1,8,58,517.63
A,1,8,59,599.31
A,1,8,60,761.04
A,1,8,61,688.42
A,1,8,62,804.16
A,1,8,63,453.40
A,1,8,64,726.45
A,1,8,65,548.70
A,1,8,66,643.11
A,1,8,67,654.27
A,1,8,68,535.85
A,1,8,69,701.50
A,1,8,70,624.17
A,1,8,71,589.52
A,1,8,72,666.25
A,1,8,73,670.69
A,1,8,74,485.93
A,1,8,75,503.36
A,1,8,76,636.84
A,1,8,77,562.38
A,1,8,78,541.14
A,1,8,79,806.64
A,1,8,80,604.50
A,1,8,81,785.98
A,1,8,82,675.50
A,1,8,83,536.50
A,1,8,84,502.28
A,1,8,85,514.29
A,1,8,86,629.70
A,1,8,87,445.45
A,1,8,88,675.72
A,1,8,89,606.51
A,1,8,90,516.70
A,1,8,91,570.09
A,1,8,92,607.24
A,1,8,93,571.82
A,1,8,94,622.69
A,1,8,95,642.34
A,1,8,96,573.70
A,1,8,97,463.31
A,1,8,98,617.32
A,1,8,99,502.20
A,1,9,0,867.27
A,1,9,1,809.72
A,1,9,2,776.07
A,1,9,3,874.53
A,1,9,4,868.35
A,1,9,5,784.32
A,1,9,6,830.32
A,1,9,7,771.48
A,1,9,8,870.97
A,1,9,9,720.52
A,1,9,10,734.69
A,1,9,11,719.00
A,1,9,12,749.67
A,1,9,13,797.49
A,1,9,14,664.89
A,1,9,15,762.07
A,1,9,16,666.85
A,1,9,17,605.72
A,1,9,18,745.30
A,1,9,19,754.11
A,1,9,20,850.53
A,1,9,21,662.64
A,1,9,22,649.33
A,1,9,23,690.48
A,1,9,24,660.65
A,1,9,25,752.38
A,1,9,26,657.43
A,1,9,27,745.67
A,1,9,28,634.30
A,1,9,29,581.47
A,1,9,30,694.58
A,1,9,31,739.79
A,1,9,32,751.44
A,1,9,33,718.98
A,1,9,34,602.60
A,1,9,35,675.76
A,1,9,36,688.87
A,1,9,37,804.65
A,1,9,38,681.75
A,1,9,39,571.05
A,1,9,40,605.89
A,1,9,41,701.22
A,1,9,42,721.54
A,1,9,43,658.67
A,1,9,44,728.11
A,1,9,45,586.23
A,1,9,46,642.75
A,1,9,47,709.55
A,1,9,48,517.11
A,1,9,49,582.36
A,1,9,50,703.29
A,1,9,51,587.87
A,1,9,52,661.14
A,1,9,53,697.59
A,1,9,54,728.34
A,1,9,55,640.33
A,1,9,56,606.84
A,1,9,57,655.51
A,1,9,58,740.01
A,1,9,59,640.17
A,1,9,60,726.98
A,1,9,61,715.73
A,1,9,62,628.17
A,1,9,63,691.90
A,1,9,64,708.65
A,1,9,65,602.44
A,1,9,66,646.17
A,1,9,67,543.19
A,1,9,68,540.14
A,1,9,69,551.82
A,1,9,70,606.61
A,1,9,71,725.82
A,1,9,72,532.63
A,1,9,73,473.22
A,1,9,74,588.65
A,1,9,75,712.63
A,1,9,76,558.56
A,1,9,77,637.05
A,1,9,78,607.19
A,1,9,79,540.32
A,1,9,80,612.87
A,1,9,81,654.26
A,1,9,82,683.12
A,1,9,83,729.84
A,1,9,84,593.76
A,1,9,85,503.48
A,1,9,86,558.87
A,1,9,87,507.00
A,1,9,88,674.00
A,1,9,89,547.30
A,1,9,90,623.51
A,1,9,91,667.64
A,1,9,92,622.22
A,1,9,93,553.63
A,1,9,94,536.54
A,1,9,95,465.73
A,1,9,96,593.43
A,1,9,97,658.67
A,1,9,98,563.42
A,1,9,99,610.56
A,1,10,0,917.65
A,1,10,1,824.37
A,1,10,2,812.94
A,1,10,3,920.10
A,1,10,4,736.36
A,1,10,5,773.78
A,1,10,6,838.19
A,1,10,7,825.69
A,1,10,8,778.31
A,1,10,9,767.41
A,1,10,10,783.41
A,1,10,11,725.12
A,1,10,12,744.89
A,1,10,13,766.54
A,1,10,14,781.77
A,1,10,15,715.23
A,1,10,16,735.99
A,1,10,17,798.66
A,1,10,18,794.54
A,1,10,19,755.37
A,1,10,20,751.03
A,1,10,21,700.27
A,1,10,22,787.23
A,1,10,23,615.58
A,1,10,24,739.29
A,1,10,25,717.37
A,1,10,26,553.25
A,1,10,27,716.94
A,1,10,28,2358.52
A,1,10,29,679.39
A,1,10,30,695.77
A,1,10,31,735.64
A,1,10,32,658.93
A,1,10,33,729.09
A,1,10,34,624.18
A,1,10,35,668.96
A,1,10,36,632.89
A,1,10,37,652.52
A,1,10,38,669.20
A,1,10,39,711.07
A,1,10,40,649.10
A,1,10,41,611.13
A,1,10,42,605.92
A,1,10,43,459.35
A,1,10,44,563.63
A,1,10,45,704.15
A,1,10,46,577.91
A,1,10,47,468.90
A,1,10,48,673.74
A,1,10,49,545.91
A,1,10,50,672.43
A,1,10,51,696.87
A,1,10,52,629.43
A,1,10,53,598.51
A,1,10,54,597.54
A,1,10,55,590.82
A,1,10,56,679.67
A,1,10,57,685.98
A,1,10,58,617.61
A,1,10,59,660.97
A,1,10,60,639.66
A,1,10,61,678.63
A,1,10,62,701.50
A,1,10,63,618.09
A,1,10,64,718.04
A,1,10,65,712.17
A,1,10,66,594.29
A,1,10,67,483.71
A,1,10,68,670.53
A,1,10,69,503.27
A,1,10,70,398.43
A,1,10,71,538.72
A,1,10,72,576.86
A,1,10,73,409.77
A,1,10,74,664.03
A,1,10,75,579.27
A,1,10,76,576.31
A,1,10,77,576.38
A,1,10,78,609.18
A,1,10,79,555.96
A,1,10,80,536.99
A,1,10,81,552.43
A,1,10,82,560.62
A,1,10,83,541.16
A,1,10,84,556.72
A,1,10,85,622.23
A,1,10,86,663.41
A,1,10,87,514.23
A,1,10,88,576.34
A,1,10,89,583.89
A,1,10,90,595.61
A,1,10,91,514.19
A,1,10,92,615.94
A,1,10,93,565.63
A,1,10,94,621.00
A,1,10,95,579.56
A,1,10,96,574.39
A,1,10,97,486.52
A,1,10,98,754.08
A,1,10,99,502.95
A,1,11,0,972.51
A,1,11,1,859.92
A,1,11,2,808.04
A,1,11,3,750.15
A,1,11,4,2598.60
A,1,11,5,834.99
A,1,11,6,824.40
A,1,11,7,854.89
A,1,11,8,670.63
A,1,11,9,754.73
A,1,11,10,815.19
A,1,11,11,739.68
A,1,11,12,826.13
A,1,11,13,749.74
A,1,11,14,696.00
A,1,11,15,691.78
A,1,11,16,688.22
A,1,11,17,691.00
A,1,11,18,606.87
A,1,11,19,684.74
A,1,11,20,861.36
A,1,11,21,639.11
A,1,11,22,704.29
A,1,11,23,676.45
A,1,11,24,730.56
A,1,11,25,2763.11
A,1,11,26,689.26
A,1,11,27,811.45
A,1,11,28,642.26
A,1,11,29,653.98
A,1,11,30,590.66
A,1,11,31,659.58
A,1,11,32,759.43
A,1,11,33,695.30
A,1,11,34,520.06
A,1,11,35,727.23
A,1,11,36,642.30
A,1,11,37,667.60
A,1,11,38,635.24
A,1,11,39,749.93
A,1,11,40,642.59
A,1,11,41,729.23
A,1,11,42,579.23
A,1,11,43,757.35
A,1,11,44,721.92
A,1,11,45,609.05
A,1,11,46,692.09
A,1,11,47,588.84
A,1,11,48,737.11
A,1,11,49,684.24
A,1,11,50,761.71
A,1,11,51,666.20
A,1,11,52,578.05
A,1,11,53,694.30
A,1,11,54,562.87
A,1,11,55,678.63
A,1,11,56,686.64
A,1,11,57,637.27
A,1,11,58,594.43
A,1,11,59,591.38
A,1,11,60,550.04
A,1,11,61,796.68
A,1,11,62,574.44
A,1,11,63,440.49
A,1,11,64,731.82
A,1,11,65,484.63
A,1,11,66,636.43
A,1,11,67,658.46
A,1,11,68,524.99
A,1,11,69,576.99
A,1,11,70,507.04
A,1,11,71,600.16
A,1,11,72,542.47
A,1,11,73,666.13
A,1,11,74,675.66
A,1,11,75,501.88
A,1,11,76,437.47
A,1,11,77,644.70
A,1,11,78,695.38
A,1,11,79,613.18
A,1,11,80,591.98
A,1,11,81,659.22
A,1,11,82,454.83
A,1,11,83,636.70
A,1,11,84,553.38
A,1,11,85,592.15
A,1,11,86,524.94
A,1,11,87,591.14
A,1,11,88,649.22
A,1,11,89,570.36
A,1,11,90,612.48
A,1,11,91,499.71
A,1,11,92,587.38
A,1,11,93,545.82
A,1,11,94,613.77
A,1,11,95,636.71
A,1,11,96,598.31
A,1,11,97,586.80
A,1,11,98,542.49
A,1,11,99,612.06
B,1,0,0,61.46
B,1,0,1,121.73
B,1,0,2,89.31
B,1,0,3,87.27
B,1,0,4,131.85
B,1,0,5,79.57
B,1,0,6,86.33
B,1,0,7,102.43
B,1,0,8,121.14
B,1,0,9,61.80
B,1,0,10,99.95
B,1,0,11,97.02
B,1,0,12,40.97
B,1,0,13,71.18
B,1,0,14,61.91
B,1,0,15,79.94
B,1,0,16,77.30
B,1,0,17,84.03
B,1,0,18,135.08
B,1,0,19,67.61
B,1,0,20,36.36
B,1,0,21,96.35
B,1,0,22,67.51
B,1,0,23,68.36
B,1,0,24,79.81
B,1,0,25,109.89
B,1,0,26,102.82
B,1,0,27,80.95
B,1,0,28,72.51
B,1,0,29,66.25
B,1,0,30,48.21
B,1,0,31,83.44
B,1,0,32,124.89
B,1,0,33,88.20
B,1,0,34,116.68
B,1,0,35,123.67
B,1,0,36,82.33
B,1,0,37,139.52
B,1,0,38,79.52
B,1,0,39,97.12
B,1,0,40,74.67
B,1,0,41,160.16
B,1,0,42,45.35
B,1,0,43,90.71
B,1,0,44,66.12
B,1,0,45,76.28
B,1,0,46,107.00
B,1,0,47,161.53
B,1,0,48,74.27
B,1,0,49,28.37
B,1,0,50,82.47
B,1,0,51,46.17
B,1,0,52,69.91
B,1,0,53,32.97
B,1,0,54,112.35
B,1,0,55,2248.99
B,1,0,56,82.14
B,1,0,57,108.20
B,1,0,58,40.40
B,1,0,59,109.97
B,1,0,60,35.49
B,1,0,61,127.43
B,1,0,62,83.25
B,1,0,63,32.80
B,1,0,64,70.91
B,1,0,65,103.74
B,1,0,66,139.66
B,1,0,67,123.36
B,1,0,68,75.05
B,1,0,69,114.94
B,1,0,70,155.19
B,1,0,71,70.12
B,1,0,72,61.91
B,1,0,73,78.93
B,1,0,74,74.83
B,1,0,75,75.69
B,1,0,76,107.46
B,1,0,77,95.42
B,1,0,78,66.10
B,1,0,79,28.76
B,1,0,80,32.25
B,1,0,81,96.81
B,1,0,82,37.57
B,1,0,83,83.11
B,1,0,84,42.86
B,1,0,85,120.93
B,1,0,86,71.24
B,1,0,87,47.32
B,1,0,88,33.65
B,1,0,89,44.99
B,1,0,90,29.70
B,1,0,91,54.53
B,1,0,92,85.96
B,1,0,93,57.11
B,1,0,94,116.96
B,1,0,95,35.06
B,1,0,96,67.63
B,1,0,97,74.28
B,1,0,98,122.54
B,1,0,99,73.36
B,1,1,0,127.05
B,1,1,1,91.22
B,1,1,2,82.82
B,1,1,3,115.73
B,1,1,4,80.32
B,1,1,5,95.99
B,1,1,6,76.37
B,1,1,7,144.88
B,1,1,8,92.76
B,1,1,9,109.50
B,1,1,10,100.12
B,1,1,11,88.68
B,1,1,12,69.27
B,1,1,13,81.56
B,1,1,14,110.06
B,1,1,15,33.13
B,1,1,16,123.57
B,1,1,17,85.06
B,1,1,18,55.31
B,1,1,19,89.11
B,1,1,20,88.21
B,1,1,21,97.24
B,1,1,22,62.18
B,1,1,23,114.01
B,1,1,24,42.90
B,1,1,25,132.28
B,1,1,26,83.10
B,1,1,27,77.95
B,1,1,28,123.72
B,1,1,29,84.83
B,1,1,30,145.71
B,1,1,31,92.97
B,1,1,32,110.68
B,1,1,33,165.72
B,1,1,34,69.63
B,1,1,35,93.06
B,1,1,36,108.02
B,1,1,37,84.71
B,1,1,38,89.30
B,1,1,39,80.44
B,1,1,40,100.31
B,1,1,41,57.84
B,1,1,42,68.88
B,1,1,43,33.97
B,1,1,44,191.87
B,1,1,45,30.74
B,1,1,46,114.55
B,1,1,47,44.93
B,1,1,48,71.72
B,1,1,49,65.44
B,1,1,50,101.00
B,1,1,51,68.15
B,1,1,52,73.95
B,1,1,53,84.40
B,1,1,54,131.31
B,1,1,55,87.72
B,1,1,56,165.12
B,1,1,57,80.35
B,1,1,58,92.46
B,1,1,59,41.49
B,1,1,60,67.65
B,1,1,61,69.70
B,1,1,62,78.99
B,1,1,63,110.23
B,1,1,64,64.15
B,1,1,65,1391.27
B,1,1,66,93.66
B,1,1,67,35.81
B,1,1,68,76.30
B,1,1,69,79.69
B,1,1,70,28.65
B,1,1,71,83.56
B,1,1,72,73.69
B,1,1,73,92.86
B,1,1,74,68.60
B,1,1,75,71.25
B,1,1,76,85.16
B,1,1,77,78.42
B,1,1,78,100.40
B,1,1,79,48.12
B,1,1,80,50.21
B,1,1,81,87.73
B,1,1,82,57.62
B,1,1,83,95.92
B,1,1,84,47.86
B,1,1,85,94.20
B,1,1,86,53.03
B,1,1,87,39.06
B,1,1,88,168.48
B,1,1,89,113.00
B,1,1,90,73.44
B,1,1,91,93.74
B,1,1,92,105.53
B,1,1,93,61.14
B,1,1,94,0.97
B,1,1,95,70.87
B,1,1,96,44.98
B,1,1,97,32.49
B,1,1,98,76.11
B,1,1,99,76.91
B,1,2,0,85.34
B,1,2,1,82.54
B,1,2,2,101.69
B,1,2,3,75.18
B,1,2,4,97.01
B,1,2,5,64.34
B,1,2,6,83.50
B,1,2,7,101.51
B,1,2,8,94.49
B,1,2,9,87.28
B,1,2,10,77.33
B,1,2,11,64.75
B,1,2,12,89.17
B,1,2,13,103.81
B,1,2,14,67.97
B,1,2,15,77.75
B,1,2,16,110.99
B,1,2,17,75.13
B,1,2,18,86.40
B,1,2,19,123.57
B,1,2,20,67.31
B,1,2,21,67.67
B,1,2,22,63.93
B,1,2,23,100.24
B,1,2,24,80.62
B,1,2,25,88.03
B,1,2,26,100.00
B,1,2,27,83.17
B,1,2,28,80.16
B,1,2,29,62.56
B,1,2,30,85.90
B,1,2,31,154.52
B,1,2,32,145.33
B,1,2,33,95.31
B,1,2,34,90.77
B,1,2,35,34.88
B,1,2,36,93.97
B,1,2,37,81.15
B,1,2,38,91.43
B,1,2,39,140.59
B,1,2,40,75.01
B,1,2,41,145.20
B,1,2,42,90.17
B,1,2,43,92.96
B,1,2,44,116.42
B,1,2,45,92.36
B,1,2,46,82.31
B,1,2,47,87.02
B,1,2,48,110.30
B,1,2,49,80.14
B,1,2,50,69.09
B,1,2,51,67.30
B,1,2,52,49.83
B,1,2,53,73.44
B,1,2,54,118.88
B,1,2,55,135.09
B,1,2,56,75.77
B,1,2,57,73.04
B,1,2,58,133.78
B,1,2,59,77.15
B,1,2,60,100.89
B,1,2,61,98.42
B,1,2,62,36.72
B,1,2,63,145.35
B,1,2,64,76.27
B,1,2,65,91.39
B,1,2,66,52.01
B,1,2,67,86.30
B,1,2,68,58.89
B,1,2,69,64.71
B,1,2,70,127.41
B,1,2,71,98.12
B,1,2,72,69.98
B,1,2,73,59.65
B,1,2,74,38.38
B,1,2,75,90.15
B,1,2,76,68.53
B,1,2,77,81.22
B,1,2,78,77.20
B,1,2,79,124.44
B,1,2,80,86.33
B,1,2,81,89.65
B,1,2,82,87.00
B,1,2,83,111.10
B,1,2,84,117.26
B,1,2,85,63.21
B,1,2,86,94.91
B,1,2,87,50.06
B,1,2,88,51.23
B,1,2,89,52.96
B,1,2,90,96.62
B,1,2,91,94.22
B,1,2,92,104.64
B,1,2,93,113.68
B,1,2,94,103.82
B,1,2,95,24.27
B,1,2,96,63.54
B,1,2,97,69.93
B,1,2,98,22.90
B,1,2,99,35.49
B,1,3,0,74.18
B,1,3,1,103.04
B,1,3,2,120.50
B,1,3,3,70.37
B,1,3,4,122.02
B,1,3,5,106.74
B,1,3,6,78.71
B,1,3,7,70.06
B,1,3,8,129.67
B,1,3,9,100.91
B,1,3,10,86.26
B,1,3,11,124.77
B,1,3,12,139.45
B,1,3,13,58.82
B,1,3,14,69.75
B,1,3,15,98.98
B,1,3,16,85.89
B,1,3,17,83.50
B,1,3,18,69.84
B,1,3,19,70.03
B,1,3,20,98.14
B,1,3,21,77.53
B,1,3,22,151.58
B,1,3,23,114.20
B,1,3,24,70.08
B,1,3,25,52.41
B,1,3,26,38.26
B,1,3,27,78.91
B,1,3,28,87.54
B,1,3,29,80.04
B,1,3,30,79.14
B,1,3,31,116.24
B,1,3,32,53.43
B,1,3,33,78.41
B,1,3,34,31.67
B,1,3,35,50.04
B,1,3,36,100.23
B,1,3,37,68.33
B,1,3,38,66.54
B,1,3,39,76.55
B,1,3,40,97.59
B,1,3,41,136.58
B,1,3,42,60.80
B,1,3,43,67.62
B,1,3,44,104.72
B,1,3,45,120.53
B,1,3,46,54.60
B,1,3,47,62.45
B,1,3,48,82.71
B,1,3,49,87.69
B,1,3,50,79.40
B,1,3,51,81.47
B,1,3,52,2194.77
B,1,3,53,160.69
B,1,3,54,0.73
B,1,3,55,80.80
B,1,3,56,109.04
B,1,3,57,89.97
B,1,3,58,70.59
B,1,3,59,1.04
B,1,3,60,49.75
B,1,3,61,70.96
B,1,3,62,108.72
B,1,3,63,107.97
B,1,3,64,128.52
B,1,3,65,77.69
B,1,3,66,90.46
B,1,3,67,83.64
B,1,3,68,96.78
B,1,3,69,73.53
B,1,3,70,63.06
B,1,3,71,69.23
B,1,3,72,76.26
B,1,3,73,0.87
B,1,3,74,64.91
B,1,3,75,75.43
B,1,3,76,80.35
B,1,3,77,118.11
B,1,3,78,79.92
B,1,3,79,55.82
B,1,3,80,88.13
B,1,3,81,83.60
B,1,3,82,97.01
B,1,3,83,88.01
B,1,3,84,102.39
B,1,3,85,41.60
B,1,3,86,69.57
B,1,3,87,64.34
B,1,3,88,95.75
B,1,3,89,70.13
B,1,3,90,55.82
B,1,3,91,101.29
B,1,3,92,48.30
B,1,3,93,71.24
B,1,3,94,50.21
B,1,3,95,102.64
B,1,3,96,52.43
B,1,3,97,52.25
B,1,3,98,38.96
B,1,3,99,81.45
B,1,4,0,98.29
B,1,4,1,83.42
B,1,4,2,116.25
B,1,4,3,79.27
B,1,4,4,98.10
B,1,4,5,114.07
B,1,4,6,65.53
B,1,4,7,91.42
B,1,4,8,87.24
B,1,4,9,111.70
B,1,4,10,57.50
B,1,4,11,99.47
B,1,4,12,72.44
B,1,4,13,71.43
B,1,4,14,81.97
B,1,4,15,103.34
B,1,4,16,65.70
B,1,4,17,71.65
B,1,4,18,71.07
B,1,4,19,56.59
B,1,4,20,89.66
B,1,4,21,70.67
B,1,4,22,57.56
B,1,4,23,93.57
B,1,4,24,60.01
B,1,4,25,101.67
B,1,4,26,88.79
B,1,4,27,74.35
B,1,4,28,110.36
B,1,4,29,111.02
B,1,4,30,103.49
B,1,4,31,63.38
B,1,4,32,97.05
B,1,4,33,86.64
B,1,4,34,119.49
B,1,4,35,95.39
B,1,4,36,116.26
B,1,4,37,74.97
B,1,4,38,79.03
B,1,4,39,102.28
B,1,4,40,80.66
B,1,4,41,117.45
B,1,4,42,95.62
B,1,4,43,105.55
B,1,4,44,120.70
B,1,4,45,29.62
B,1,4,46,103.44
B,1,4,47,92.99
B,1,4,48,118.94
B,1,4,49,98.11
B,1,4,50,174.89
B,1,4,51,66.68
B,1,4,52,24.78
B,1,4,53,103.42
B,1,4,54,63.77
B,1,4,55,110.88
B,1,4,56,74.80
B,1,4,57,85.41
B,1,4,58,71.23
B,1,4,59,96.91
B,1,4,60,81.93
B,1,4,61,156.72
B,1,4,62,48.44
B,1,4,63,104.93
B,1,4,64,49.52
B,1,4,65,1.39
B,1,4,66,110.39
B,1,4,67,81.35
B,1,4,68,98.70
B,1,4,69,82.84
B,1,4,70,57.71
B,1,4,71,61.78
B,1,4,72,22.72
B,1,4,73,100.35
B,1,4,74,129.64
B,1,4,75,131.12
B,1,4,76,98.72
B,1,4,77,146.26
B,1,4,78,85.48
B,1,4,79,76.17
B,1,4,80,46.13
B,1,4,81,51.24
B,1,4,82,59.13
B,1,4,83,76.35
B,1,4,84,97.07
B,1,4,85,62.25
B,1,4,86,94.59
B,1,4,87,88.21
B,1,4,88,57.30
B,1,4,89,64.30
B,1,4,90,167.07
B,1,4,91,73.61
B,1,4,92,65.64
B,1,4,93,65.56
B,1,4,94,70.18
B,1,4,95,73.58
B,1,4,96,36.53
B,1,4,97,67.58
B,1,4,98,73.38
B,1,4,99,45.51
B,1,5,0,135.79
B,1,5,1,86.40
B,1,5,2,108.49
B,1,5,3,74.44
B,1,5,4,86.70
B,1,5,5,136.42
B,1,5,6,85.87
B,1,5,7,83.64
B,1,5,8,95.44
B,1,5,9,129.89
B,1,5,10,70.48
B,1,5,11,165.08
B,1,5,12,84.23
B,1,5,13,54.47
B,1,5,14,89.17
B,1,5,15,88.60
B,1,5,16,101.51
B,1,5,17,61.10
B,1,5,18,101.61
B,1,5,19,85.90
B,1,5,20,98.59
B,1,5,21,66.65
B,1,5,22,78.82
B,1,5,23,71.87
B,1,5,24,142.58
B,1,5,25,38.09
B,1,5,26,43.68
B,1,5,27,63.24
B,1,5,28,46.03
B,1,5,29,72.71
B,1,5,30,187.80
B,1,5,31,72.15
B,1,5,32,44.30
B,1,5,33,57.42
B,1,5,34,69.75
B,1,5,35,93.42
B,1,5,36,99.67
B,1,5,37,73.37
B,1,5,38,114.12
B,1,5,39,164.51
B,1,5,40,42.77
B,1,5,41,79.71
B,1,5,42,73.83
B,1,5,43,107.72
B,1,5,44,0.98
B,1,5,45,80.82
B,1,5,46,114.48
B,1,5,47,138.20
B,1,5,48,85.88
B,1,5,49,107.01
B,1,5,50,104.26
B,1,5,51,107.77
B,1,5,52,89.36
B,1,5,53,81.04
B,1,5,54,83.76
B,1,5,55,28.16
B,1,5,56,22.15
B,1,5,57,42.54
B,1,5,58,2207.04
B,1,5,59,131.61
B,1,5,60,74.98
B,1,5,61,86.44
B,1,5,62,72.76
B,1,5,63,63.72
B,1,5,64,82.28
B,1,5,65,101.51
B,1,5,66,101.84
B,1,5,67,50.88
B,1,5,68,129.85
B,1,5,69,36.32
B,1,5,70,85.18
B,1,5,71,126.88
B,1,5,72,71.36
B,1,5,73,94.63
B,1,5,74,76.93
B,1,5,75,85.73
B,1,5,76,31.42
B,1,5,77,103.43
B,1,5,78,80.91
B,1,5,79,60.16
B,1,5,80,88.90
B,1,5,81,80.34
B,1,5,82,99.17
B,1,5,83,152.73
B,1,5,84,61.90
B,1,5,85,97.41
B,1,5,86,99.97
B,1,5,87,108.30
B,1,5,88,99.98
B,1,5,89,61.17
B,1,5,90,35.24
B,1,5,91,81.07
B,1,5,92,73.16
B,1,5,93,84.29
B,1,5,94,80.72
B,1,5,95,0.72
B,1,5,96,75.96
B,1,5,97,94.83
B,1,5,98,100.89
B,1,5,99,90.55
B,1,6,0,101.71
B,1,6,1,126.77
B,1,6,2,26.40
B,1,6,3,84.41
B,1,6,4,78.77
B,1,6,5,99.37
B,1,6,6,115.56
B,1,6,7,124.13
B,1,6,8,78.23
B,1,6,9,65.58
B,1,6,10,82.46
B,1,6,11,115.16
B,1,6,12,70.32
B,1,6,13,154.54
B,1,6,14,73.34
B,1,6,15,113.97
B,1,6,16,100.64
B,1,6,17,99.52
B,1,6,18,93.80
B,1,6,19,115.14
B,1,6,20,72.85
B,1,6,21,69.15
B,1,6,22,79.08
B,1,6,23,119.79
B,1,6,24,124.20
B,1,6,25,24.43
B,1,6,26,113.64
B,1,6,27,88.26
B,1,6,28,65.78
B,1,6,29,85.27
B,1,6,30,83.79
B,1,6,31,126.57
B,1,6,32,68.59
B,1,6,33,75.71
B,1,6,34,90.80
B,1,6,35,85.19
B,1,6,36,59.28
B,1,6,37,106.86
B,1,6,38,108.80
B,1,6,39,142.56
B,1,6,40,122.92
B,1,6,41,32.87
B,1,6,42,105.99
B,1,6,43,84.90
B,1,6,44,68.77
B,1,6,45,110.31
B,1,6,46,151.48
B,1,6,47,85.33
B,1,6,48,97.89
B,1,6,49,144.55
B,1,6,50,66.33
B,1,6,51,2.02
B,1,6,52,56.40
B,1,6,53,110.58
B,1,6,54,51.35
B,1,6,55,102.98
B,1,6,56,81.87
B,1,6,57,117.90
B,1,6,58,86.18
B,1,6,59,112.60
B,1,6,60,141.37
B,1,6,61,130.13
B,1,6,62,108.70
B,1,6,63,62.32
B,1,6,64,127.34
B,1,6,65,120.56
B,1,6,66,74.51
B,1,6,67,72.93
B,1,6,68,100.95
B,1,6,69,36.24
B,1,6,70,44.46
B,1,6,71,136.53
B,1,6,72,86.52
B,1,6,73,72.67
B,1,6,74,125.00
B,1,6,75,139.67
B,1,6,76,59.07
B,1,6,77,102.83
B,1,6,78,38.92
B,1,6,79,116.23
B,1,6,80,125.43
B,1,6,81,97.56
B,1,6,82,70.87
B,1,6,83,64.49
B,1,6,84,83.10
B,1,6,85,72.45
B,1,6,86,46.50
B,1,6,87,53.15
B,1,6,88,61.69
B,1,6,89,112.60
B,1,6,90,1.31
B,1,6,91,47.86
B,1,6,92,1.31
B,1,6,93,80.89
B,1,6,94,33.35
B,1,6,95,93.72
B,1,6,96,92.05
B,1,6,97,85.43
B,1,6,98,28.15
B,1,6,99,74.87
B,1,7,0,89.04
B,1,7,1,131.93
B,1,7,2,50.08
B,1,7,3,104.66
B,1,7,4,75.56
B,1,7,5,76.74
B,1,7,6,60.53
B,1,7,7,103.42
B,1,7,8,130.12
B,1,7,9,80.82
B,1,7,10,107.62
B,1,7,11,95.76
B,1,7,12,84.25
B,1,7,13,67.67
B,1,7,14,91.90
B,1,7,15,88.18
B,1,7,16,93.04
B,1,7,17,91.80
B,1,7,18,72.19
B,1,7,19,74.86
B,1,7,20,87.60
B,1,7,21,114.37
B,1,7,22,63.21
B,1,7,23,86.81
B,1,7,24,115.69
B,1,7,25,93.37
B,1,7,26,71.53
B,1,7,27,89.50
B,1,7,28,106.45
B,1,7,29,73.40
B,1,7,30,112.81
B,1,7,31,70.61
B,1,7,32,77.83
B,1,7,33,73.86
B,1,7,34,72.19
B,1,7,35,61.25
B,1,7,36,30.35
B,1,7,37,40.14
B,1,7,38,50.91
B,1,7,39,77.97
B,1,7,40,62.91
B,1,7,41,68.05
B,1,7,42,153.75
B,1,7,43,124.53
B,1,7,44,139.69
B,1,7,45,32.53
B,1,7,46,86.59
B,1,7,47,167.75
B,1,7,48,152.95
B,1,7,49,134.97
B,1,7,50,83.27
B,1,7,51,33.95
B,1,7,52,67.81
B,1,7,53,78.57
B,1,7,54,126.95
B,1,7,55,97.43
B,1,7,56,91.91
B,1,7,57,78.86
B,1,7,58,40.81
B,1,7,59,71.60
B,1,7,60,148.31
B,1,7,61,96.14
B,1,7,62,24.55
B,1,7,63,117.47
B,1,7,64,159.44
B,1,7,65,78.48
B,1,7,66,126.78
B,1,7,67,34.52
B,1,7,68,128.93
B,1,7,69,80.84
B,1,7,70,127.44
B,1,7,71,84.31
B,1,7,72,87.90
B,1,7,73,75.41
B,1,7,74,72.44
B,1,7,75,69.13
B,1,7,76,73.71
B,1,7,77,105.92
B,1,7,78,129.82
B,1,7,79,107.90
B,1,7,80,99.95
B,1,7,81,107.47
B,1,7,82,0.99
B,1,7,83,100.64
B,1,7,84,155.43
B,1,7,85,103.88
B,1,7,86,48.42
B,1,7,87,85.13
B,1,7,88,88.71
B,1,7,89,90.37
B,1,7,90,57.80
B,1,7,91,79.69
B,1,7,92,138.40
B,1,7,93,63.30
B,1,7,94,86.50
B,1,7,95,90.26
B,1,7,96,59.29
B,1,7,97,34.39
B,1,7,98,95.54
B,1,7,99,149.73
B,1,8,0,142.67
B,1,8,1,93.08
B,1,8,2,73.98
B,1,8,3,76.02
B,1,8,4,101.09
B,1,8,5,117.37
B,1,8,6,91.59
B,1,8,7,92.13
B,1,8,8,31.71
B,1,8,9,72.55
B,1,8,10,105.05
B,1,8,11,95.80
B,1,8,12,107.31
B,1,8,13,55.29
B,1,8,14,97.34
B,1,8,15,66.29
B,1,8,16,102.18
B,1,8,17,77.27
B,1,8,18,95.66
B,1,8,19,69.37
B,1,8,20,27.06
B,1,8,21,69.46
B,1,8,22,103.89
B,1,8,23,35.92
B,1,8,24,80.81
B,1,8,25,92.35
B,1,8,26,76.43
B,1,8,27,166.67
B,1,8,28,52.59
B,1,8,29,93.55
B,1,8,30,86.21
B,1,8,31,72.41
B,1,8,32,82.71
B,1,8,33,103.93
B,1,8,34,127.48
B,1,8,35,104.83
B,1,8,36,109.73
B,1,8,37,87.26
B,1,8,38,80.32
B,1,8,39,96.33
B,1,8,40,60.08
B,1,8,41,91.05
B,1,8,42,99.74
B,1,8,43,111.47
B,1,8,44,96.04
B,1,8,45,83.49
B,1,8,46,106.49
B,1,8,47,112.11
B,1,8,48,115.19
B,1,8,49,164.17
B,1,8,50,64.90
B,1,8,51,65.26
B,1,8,52,31.77
B,1,8,53,93.91
B,1,8,54,81.23
B,1,8,55,54.38
B,1,8,56,50.91
B,1,8,57,122.08
B,1,8,58,88.65
B,1,8,59,52.71
B,1,8,60,28.16
B,1,8,61,1.34
B,1,8,62,47.50
B,1,8,63,141.56
B,1,8,64,134.12
B,1,8,65,70.24
B,1,8,66,113.11
B,1,8,67,117.93
B,1,8,68,82.42
B,1,8,69,133.62
B,1,8,70,74.70
B,1,8,71,77.96
B,1,8,72,76.53
B,1,8,73,113.40
B,1,8,74,119.52
B,1,8,75,85.26
B,1,8,76,101.63
B,1,8,77,41.10
B,1,8,78,109.51
B,1,8,79,0.77
B,1,8,80,39.66
B,1,8,81,100.48
B,1,8,82,80.84
B,1,8,83,150.71
B,1,8,84,93.20
B,1,8,85,83.55
B,1,8,86,152.00
B,1,8,87,110.61
B,1,8,88,96.10
B,1,8,89,106.01
B,1,8,90,41.57
B,1,8,91,91.54
B,1,8,92,89.48
B,1,8,93,103.67
B,1,8,94,1.53
B,1,8,95,105.50
B,1,8,96,140.85
B,1,8,97,69.94
B,1,8,98,98.39
B,1,8,99,43.61
B,1,9,0,152.55
B,1,9,1,85.18
B,1,9,2,59.57
B,1,9,3,80.39
B,1,9,4,116.08
B,1,9,5,90.15
B,1,9,6,74.02
B,1,9,7,157.48
B,1,9,8,168.95
B,1,9,9,111.11
B,1,9,10,94.28
B,1,9,11,48.89
B,1,9,12,97.10
B,1,9,13,79.33
B,1,9,14,97.04
B,1,9,15,84.15
B,1,9,16,86.86
B,1,9,17,68.66
B,1,9,18,98.50
B,1,9,19,71.95
B,1,9,20,106.38
B,1,9,21,55.40
B,1,9,22,110.84
B,1,9,23,73.55
B,1,9,24,107.48
B,1,9,25,30.10
B,1,9,26,76.09
B,1,9,27,73.71
B,1,9,28,80.43
B,1,9,29,75.62
B,1,9,30,84.27
B,1,9,31,51.50
B,1,9,32,132.47
B,1,9,33,113.85
B,1,9,34,69.77
B,1,9,35,152.65
B,1,9,36,78.96
B,1,9,37,66.44
B,1,9,38,99.75
B,1,9,39,31.78
B,1,9,40,94.19
B,1,9,41,69.27
B,1,9,42,106.05
B,1,9,43,80.60
B,1,9,44,83.14
B,1,9,45,32.62
B,1,9,46,48.65
B,1,9,47,96.99
B,1,9,48,147.76
B,1,9,49,70.65
B,1,9,50,85.90
B,1,9,51,65.15
B,1,9,52,71.32
B,1,9,53,65.09
B,1,9,54,109.09
B,1,9,55,189.71
B,1,9,56,115.74
B,1,9,57,152.07
B,1,9,58,53.44
B,1,9,59,62.27
B,1,9,60,76.83
B,1,9,61,104.66
B,1,9,62,59.03
B,1,9,63,62.20
B,1,9,64,84.47
B,1,9,65,55.83
B,1,9,66,126.66
B,1,9,67,77.79
B,1,9,68,33.39
B,1,9,69,101.98
B,1,9,70,48.35
B,1,9,71,111.89
B,1,9,72,63.46
B,1,9,73,68.50
B,1,9,74,78.08
B,1,9,75,48.44
B,1,9,76,118.25
B,1,9,77,95.92
B,1,9,78,81.98
B,1,9,79,98.59
B,1,9,80,47.54
B,1,9,81,85.41
B,1,9,82,95.25
B,1,9,83,34.27
B,1,9,84,116.20
B,1,9,85,28.68
B,1,9,86,121.80
B,1,9,87,148.10
B,1,9,88,60.47
B,1,9,89,109.68
B,1,9,90,126.54
B,1,9,91,54.92
B,1,9,92,43.27
B,1,9,93,70.74
B,1,9,94,58.93
B,1,9,95,80.30
B,1,9,96,108.60
B,1,9,97,80.94
B,1,9,98,78.83
B,1,9,99,90.89
B,1,10,0,83.17
B,1,10,1,121.20
B,1,10,2,87.40
B,1,10,3,87.46
B,1,10,4,64.32
B,1,10,5,68.77
B,1,10,6,86.38
B,1,10,7,75.78
B,1,10,8,87.92
B,1,10,9,63.65
B,1,10,10,103.85
B,1,10,11,103.01
B,1,10,12,111.49
B,1,10,13,77.15
B,1,10,14,126.82
B,1,10,15,41.26
B,1,10,16,88.90
B,1,10,17,70.41
B,1,10,18,102.01
B,1,10,19,113.47
B,1,10,20,79.04
B,1,10,21,93.77
B,1,10,22,130.25
B,1,10,23,108.71
B,1,10,24,97.61
B,1,10,25,48.17
B,1,10,26,104.18
B,1,10,27,109.58
B,1,10,28,81.27
B,1,10,29,29.81
B,1,10,30,123.21
B,1,10,31,103.15
B,1,10,32,118.10
B,1,10,33,111.35
B,1,10,34,109.12
B,1,10,35,97.40
B,1,10,36,85.08
B,1,10,37,74.41
B,1,10,38,108.85
B,1,10,39,87.63
B,1,10,40,69.36
B,1,10,41,50.29
B,1,10,42,175.22
B,1,10,43,83.36
B,1,10,44,79.45
B,1,10,45,66.40
B,1,10,46,102.44
B,1,10,47,46.88
B,1,10,48,79.20
B,1,10,49,114.05
B,1,10,50,107.96
B,1,10,51,68.18
B,1,10,52,90.98
B,1,10,53,104.25
B,1,10,54,131.85
B,1,10,55,73.04
B,1,10,56,111.39
B,1,10,57,59.94
B,1,10,58,90.66
B,1,10,59,83.13
B,1,10,60,1507.04
B,1,10,61,105.86
B,1,10,62,114.70
B,1,10,63,104.92
B,1,10,64,70.05
B,1,10,65,73.33
B,1,10,66,96.08
B,1,10,67,84.96
B,1,10,68,86.56
B,1,10,69,91.56
B,1,10,70,34.70
B,1,10,71,97.19
B,1,10,72,55.20
B,1,10,73,100.45
B,1,10,74,85.80
B,1,10,75,66.17
B,1,10,76,81.94
B,1,10,77,37.60
B,1,10,78,69.60
B,1,10,79,54.28
B,1,10,80,120.20
B,1,10,81,34.06
B,1,10,82,57.22
B,1,10,83,84.70
B,1,10,84,65.83
B,1,10,85,68.87
B,1,10,86,79.42
B,1,10,87,33.11
B,1,10,88,76.18
B,1,10,89,113.26
B,1,10,90,41.50
B,1,10,91,93.85
B,1,10,92,71.42
B,1,10,93,77.95
B,1,10,94,75.34
B,1,10,95,31.41
B,1,10,96,77.20
B,1,10,97,108.85
B,1,10,98,64.56
B,1,10,99,63.16
B,1,11,0,124.34
B,1,11,1,118.35
B,1,11,2,98.68
B,1,11,3,112.15
B,1,11,4,104.27
B,1,11,5,66.90
B,1,11,6,193.99
B,1,11,7,108.11
B,1,11,8,72.71
B,1,11,9,95.71
B,1,11,10,149.70
B,1,11,11,96.97
B,1,11,12,76.61
B,1,11,13,68.15
B,1,11,14,90.48
B,1,11,15,92.17
B,1,11,16,66.02
B,1,11,17,104.26
B,1,11,18,79.59
B,1,11,19,109.21
B,1,11,20,74.83
B,1,11,21,70.69
B,1,11,22,99.22
B,1,11,23,101.16
B,1,11,24,85.17
B,1,11,25,93.81
B,1,11,26,86.15
B,1,11,27,63.02
B,1,11,28,38.60
B,1,11,29,71.87
B,1,11,30,68.33
B,1,11,31,87.81
B,1,11,32,66.43
B,1,11,33,113.11
B,1,11,34,75.47
B,1,11,35,93.24
B,1,11,36,76.65
B,1,11,37,71.26
B,1,11,38,126.48
B,1,11,39,120.68
B,1,11,40,112.20
B,1,11,41,34.27
B,1,11,42,91.52
B,1,11,43,92.13
B,1,11,44,79.55
B,1,11,45,88.80
B,1,11,46,98.58
B,1,11,47,127.50
B,1,11,48,130.54
B,1,11,49,80.86
B,1,11,50,76.30
B,1,11,51,113.74
B,1,11,52,24.00
B,1,11,53,33.57
B,1,11,54,113.50
B,1,11,55,43.10
B,1,11,56,132.38
B,1,11,57,86.37
B,1,11,58,102.60
B,1,11,59,74.68
B,1,11,60,88.07
B,1,11,61,104.26
B,1,11,62,93.25
B,1,11,63,172.75
B,1,11,64,108.79
B,1,11,65,71.98
B,1,11,66,78.70
B,1,11,67,90.23
B,1,11,68,144.77
B,1,11,69,93.17
B,1,11,70,85.51
B,1,11,71,89.76
B,1,11,72,61.76
B,1,11,73,301.90
B,1,11,74,92.03
B,1,11,75,40.82
B,1,11,76,93.86
B,1,11,77,125.22
B,1,11,78,84.12
B,1,11,79,49.73
B,1,11,80,87.03
B,1,11,81,83.10
B,1,11,82,69.01
B,1,11,83,126.44
B,1,11,84,88.12
B,1,11,85,80.33
B,1,11,86,66.12
B,1,11,87,92.77
B,1,11,88,73.17
B,1,11,89,95.68
B,1,11,90,124.96
B,1,11,91,58.81
B,1,11,92,53.05
B,1,11,93,73.24
B,1,11,94,101.23
B,1,11,95,57.77
B,1,11,96,111.67
B,1,11,97,117.83
B,1,11,98,106.90
B,1,11,99,85.95
A,2,0,0,519.06
A,2,0,1,601.09
A,2,0,2,643.57
A,2,0,3,635.87
A,2,0,4,665.31
A,2,0,5,621.24
A,2,0,6,542.21
A,2,0,7,701.60
A,2,0,8,605.23
A,2,0,9,610.90
A,2,0,10,702.11
A,2,0,11,672.54
A,2,0,12,594.00
A,2,0,13,733.40
A,2,0,14,666.34
A,2,0,15,587.72
A,2,0,16,496.36
A,2,0,17,572.59
A,2,0,18,461.44
A,2,0,19,598.54
A,2,0,20,579.90
A,2,0,21,456.20
A,2,0,22,552.91
A,2,0,23,566.15
A,2,0,24,538.07
A,2,0,25,557.90
A,2,0,26,532.74
A,2,0,27,446.04
A,2,0,28,457.52
A,2,0,29,433.56
A,2,0,30,563.85
A,2,0,31,531.24
A,2,0,32,538.70
A,2,0,33,567.18
A,2,0,34,547.27
A,2,0,35,492.64
A,2,0,36,583.64
A,2,0,37,486.35
A,2,0,38,507.92
A,2,0,39,572.98
A,2,0,40,516.75
A,2,0,41,571.72
A,2,0,42,607.52
A,2,0,43,550.14
A,2,0,44,600.73
A,2,0,45,640.76
A,2,0,46,449.73
A,2,0,47,411.15
A,2,0,48,445.85
A,2,0,49,598.38
A,2,0,50,600.74
A,2,0,51,435.43
A,2,0,52,540.10
A,2,0,53,440.30
A,2,0,54,430.74
A,2,0,55,521.56
A,2,0,56,660.96
A,2,0,57,496.53
A,2,0,58,587.58
A,2,0,59,477.44
A,2,0,60,474.80
A,2,0,61,545.32
A,2,0,62,489.20
A,2,0,63,508.64
A,2,0,64,473.05
A,2,0,65,556.38
A,2,0,66,439.79
A,2,0,67,591.20
A,2,0,68,542.85
A,2,0,69,390.52
A,2,0,70,510.26
A,2,0,71,498.74
A,2,0,72,515.35
A,2,0,73,446.39
A,2,0,74,504.38
A,2,0,75,530.79
A,2,0,76,473.90
A,2,0,77,655.68
A,2,0,78,478.46
A,2,0,79,495.50
A,2,0,80,496.87
A,2,0,81,353.64
A,2,0,82,402.71
A,2,0,83,455.31
A,2,0,84,426.56
A,2,0,85,407.23
A,2,0,86,505.61
A,2,0,87,497.19
A,2,0,88,468.29
A,2,0,89,380.58
A,2,0,90,436.06
A,2,0,91,435.48
A,2,0,92,396.11
A,2,0,93,376.21
A,2,0,94,288.53
A,2,0,95,455.98
A,2,0,96,483.31
A,2,0,97,468.14
A,2,0,98,509.90
A,2,0,99,528.99
A,2,1,0,590.87
A,2,1,1,592.44
A,2,1,2,687.76
A,2,1,3,701.88
A,2,1,4,599.60
A,2,1,5,669.59
A,2,1,6,624.52
A,2,1,7,614.38
A,2,1,8,702.78
A,2,1,9,594.26
A,2,1,10,707.34
A,2,1,11,560.22
A,2,1,12,523.67
A,2,1,13,610.07
A,2,1,14,464.75
A,2,1,15,539.06
A,2,1,16,481.05
A,2,1,17,580.19
A,2,1,18,713.62
A,2,1,19,521.97
A,2,1,20,664.41
A,2,1,21,563.74
A,2,1,22,551.16
A,2,1,23,575.83
A,2,1,24,618.83
A,2,1,25,605.36
A,2,1,26,472.87
A,2,1,27,507.70
A,2,1,28,560.92
A,2,1,29,555.08
A,2,1,30,497.72
A,2,1,31,524.12
A,2,1,32,502.14
A,2,1,33,685.64
A,2,1,34,600.33
A,2,1,35,498.75
A,2,1,36,489.74
A,2,1,37,478.62
A,2,1,38,644.58
A,2,1,39,523.25
A,2,1,40,546.90
A,2,1,41,543.10
A,2,1,42,537.68
A,2,1,43,533.70
A,2,1,44,651.04
A,2,1,45,576.10
A,2,1,46,532.17
A,2,1,47,570.04
A,2,1,48,536.27
A,2,1,49,591.61
A,2,1,50,546.30
A,2,1,51,589.41
A,2,1,52,513.79
A,2,1,53,474.42
A,2,1,54,427.76
A,2,1,55,391.74
A,2,1,56,441.89
A,2,1,57,458.91
A,2,1,58,597.68
A,2,1,59,464.27
A,2,1,60,361.87
A,2,1,61,417.18
A,2,1,62,581.21
A,2,1,63,607.92
A,2,1,64,597.81
A,2,1,65,469.99
A,2,1,66,557.23
A,2,1,67,449.84
A,2,1,68,639.62
A,2,1,69,455.31
A,2,1,70,411.91
A,2,1,71,571.55
A,2,1,72,492.17
A,2,1,73,509.60
A,2,1,74,403.23
A,2,1,75,494.43
A,2,1,76,514.98
A,2,1,77,372.33
A,2,1,78,582.27
A,2,1,79,472.06
A,2,1,80,471.41
A,2,1,81,514.39
A,2,1,82,538.96
A,2,1,83,520.94
A,2,1,84,404.04
A,2,1,85,460.24
A,2,1,86,596.39
A,2,1,87,348.33
A,2,1,88,505.36
A,2,1,89,547.46
A,2,1,90,453.50
A,2,1,91,463.25
A,2,1,92,574.51
A,2,1,93,424.79
A,2,1,94,406.81
A,2,1,95,502.21
A,2,1,96,410.79
A,2,1,97,465.69
A,2,1,98,514.40
A,2,1,99,581.58
A,2,2,0,685.70
A,2,2,1,656.99
A,2,2,2,588.02
A,2,2,3,695.64
A,2,2,4,625.84
A,2,2,5,700.63
A,2,2,6,628.09
A,2,2,7,566.67
A,2,2,8,601.48
A,2,2,9,719.24
A,2,2,10,563.83
A,2,2,11,650.50
A,2,2,12,569.56
A,2,2,13,610.81
A,2,2,14,685.93
A,2,2,15,557.81
A,2,2,16,497.74
A,2,2,17,760.33
A,2,2,18,601.98
A,2,2,19,539.36
A,2,2,20,539.54
A,2,2,21,495.54
A,2,2,22,576.43
A,2,2,23,486.04
A,2,2,24,453.84
A,2,2,25,500.00
A,2,2,26,596.12
A,2,2,27,471.37
A,2,2,28,544.18
A,2,2,29,452.54
A,2,2,30,577.73
A,2,2,31,492.75
A,2,2,32,425.46
A,2,2,33,515.25
A,2,2,34,542.67
A,2,2,35,585.04
A,2,2,36,418.60
A,2,2,37,480.14
A,2,2,38,607.83
A,2,2,39,414.50
A,2,2,40,449.71
A,2,2,41,477.22
A,2,2,42,597.13
A,2,2,43,467.41
A,2,2,44,421.30
A,2,2,45,548.34
A,2,2,46,652.32
A,2,2,47,569.41
A,2,2,48,537.14
A,2,2,49,511.91
A,2,2,50,494.56
A,2,2,51,479.50
A,2,2,52,562.12
A,2,2,53,552.32
A,2,2,54,473.41
A,2,2,55,451.22
A,2,2,56,451.56
A,2,2,57,404.58
A,2,2,58,469.98
A,2,2,59,521.68
A,2,2,60,457.86
A,2,2,61,388.76
A,2,2,62,438.87
A,2,2,63,470.69
A,2,2,64,528.00
A,2,2,65,435.39
A,2,2,66,545.07
A,2,2,67,391.54
A,2,2,68,465.08
A,2,2,69,427.79
A,2,2,70,498.37
A,2,2,71,647.61
A,2,2,72,451.60
A,2,2,73,424.45
A,2,2,74,389.76
A,2,2,75,406.02
A,2,2,76,455.47
A,2,2,77,575.03
A,2,2,78,515.73
A,2,2,79,551.42
A,2,2,80,498.01
A,2,2,81,503.06
A,2,2,82,370.03
A,2,2,83,500.05
A,2,2,84,479.43
A,2,2,85,518.86
A,2,2,86,357.65
A,2,2,87,380.60
A,2,2,88,581.62
A,2,2,89,577.70
A,2,2,90,492.02
A,2,2,91,487.30
A,2,2,92,320.00
A,2,2,93,461.90
A,2,2,94,452.39
A,2,2,95,432.59
A,2,2,96,346.59
A,2,2,97,473.14
A,2,2,98,569.91
A,2,2,99,375.15
A,2,3,0,664.66
A,2,3,1,596.73
A,2,3,2,610.44
A,2,3,3,539.37
A,2,3,4,549.39
A,2,3,5,747.48
A,2,3,6,619.36
A,2,3,7,625.54
A,2,3,8,558.01
A,2,3,9,768.06
A,2,3,10,679.83
A,2,3,11,660.65
A,2,3,12,610.53
A,2,3,13,684.41
A,2,3,14,708.41
A,2,3,15,682.18
A,2,3,16,561.16
A,2,3,17,744.40
A,2,3,18,558.07
A,2,3,19,547.67
A,2,3,20,623.43
A,2,3,21,628.90
A,2,3,22,564.81
A,2,3,23,514.37
A,2,3,24,598.30
A,2,3,25,613.09
A,2,3,26,575.67
A,2,3,27,600.04
A,2,3,28,530.42
A,2,3,29,663.99
A,2,3,30,471.51
A,2,3,31,581.71
A,2,3,32,633.34
A,2,3,33,501.77
A,2,3,34,545.42
A,2,3,35,475.69
A,2,3,36,524.63
A,2,3,37,471.03
A,2,3,38,583.11
A,2,3,39,501.10
A,2,3,40,421.40
A,2,3,41,556.57
A,2,3,42,557.04
A,2,3,43,459.02
A,2,3,44,579.71
A,2,3,45,489.51
A,2,3,46,426.29
A,2,3,47,518.83
A,2,3,48,456.28
A,2,3,49,481.74
A,2,3,50,395.34
A,2,3,51,474.57
A,2,3,52,441.77
A,2,3,53,621.30
A,2,3,54,479.19
A,2,3,55,642.42
A,2,3,56,459.30
A,2,3,57,540.12
A,2,3,58,511.60
A,2,3,59,499.96
A,2,3,60,590.93
A,2,3,61,488.28
A,2,3,62,607.07
A,2,3,63,507.44
A,2,3,64,585.10
A,2,3,65,540.90
A,2,3,66,431.33
A,2,3,67,297.84
A,2,3,68,356.83
A,2,3,69,542.37
A,2,3,70,463.87
A,2,3,71,520.11
A,2,3,72,341.61
A,2,3,73,573.62
A,2,3,74,427.17
A,2,3,75,526.22
A,2,3,76,481.95
A,2,3,77,415.71
A,2,3,78,421.80
A,2,3,79,587.23
A,2,3,80,490.34
A,2,3,81,549.85
A,2,3,82,427.61
A,2,3,83,438.66
A,2,3,84,548.29
A,2,3,85,421.81
A,2,3,86,492.02
A,2,3,87,477.59
A,2,3,88,519.56
A,2,3,89,390.94
A,2,3,90,534.52
A,2,3,91,465.38
A,2,3,92,604.18
A,2,3,93,427.33
A,2,3,94,395.63
A,2,3,95,485.43
A,2,3,96,474.60
A,2,3,97,358.96
A,2,3,98,443.10
A,2,3,99,398.62
A,2,4,0,777.48
A,2,4,1,613.84
A,2,4,2,563.26
A,2,4,3,670.29
A,2,4,4,610.20
A,2,4,5,711.33
A,2,4,6,657.00
A,2,4,7,566.97
A,2,4,8,590.49
A,2,4,9,607.89
A,2,4,10,653.76
A,2,4,11,645.81
A,2,4,12,694.61
A,2,4,13,578.72
A,2,4,14,541.57
A,2,4,15,679.66
A,2,4,16,680.83
A,2,4,17,584.37
A,2,4,18,478.06
A,2,4,19,505.44
A,2,4,20,501.69
A,2,4,21,561.61
A,2,4,22,393.48
A,2,4,23,571.73
A,2,4,24,397.26
A,2,4,25,529.65
A,2,4,26,534.18
A,2,4,27,535.45
A,2,4,28,661.07
A,2,4,29,395.31
A,2,4,30,399.15
A,2,4,31,533.38
A,2,4,32,569.73
A,2,4,33,545.62
A,2,4,34,578.76
A,2,4,35,563.81
A,2,4,36,627.00
A,2,4,37,576.63
A,2,4,38,559.90
A,2,4,39,596.76
A,2,4,40,546.82
A,2,4,41,484.58
A,2,4,42,486.67
A,2,4,43,496.33
A,2,4,44,657.68
A,2,4,45,532.44
A,2,4,46,557.59
A,2,4,47,366.57
A,2,4,48,513.14
A,2,4,49,515.68
A,2,4,50,525.35
A,2,4,51,474.92
A,2,4,52,460.26
A,2,4,53,460.62
A,2,4,54,526.07
A,2,4,55,448.14
A,2,4,56,373.22
A,2,4,57,508.98
A,2,4,58,356.74
A,2,4,59,558.32
A,2,4,60,407.89
A,2,4,61,553.35
A,2,4,62,508.59
A,2,4,63,608.11
A,2,4,64,450.45
A,2,4,65,515.35
A,2,4,66,462.47
A,2,4,67,439.71
A,2,4,68,442.05
A,2,4,69,557.74
A,2,4,70,484.38
A,2,4,71,570.86
A,2,4,72,569.96
A,2,4,73,547.17
A,2,4,74,570.44
A,2,4,75,412.15
A,2,4,76,504.69
A,2,4,77,482.93
A,2,4,78,639.22
A,2,4,79,403.34
A,2,4,80,394.52
A,2,4,81,443.95
A,2,4,82,460.47
A,2,4,83,543.40
A,2,4,84,378.27
A,2,4,85,344.41
A,2,4,86,553.36
A,2,4,87,436.96
A,2,4,88,538.58
A,2,4,89,415.31
A,2,4,90,412.54
A,2,4,91,419.55
A,2,4,92,577.52
A,2,4,93,483.93
A,2,4,94,490.37
A,2,4,95,482.60
A,2,4,96,436.92
A,2,4,97,420.85
A,2,4,98,594.65
A,2,4,99,642.88
A,2,5,0,646.89
A,2,5,1,595.85
A,2,5,2,561.37
A,2,5,3,609.54
A,2,5,4,571.72
A,2,5,5,601.16
A,2,5,6,583.87
A,2,5,7,649.06
A,2,5,8,580.79
A,2,5,9,731.92
A,2,5,10,688.21
A,2,5,11,584.46
A,2,5,12,561.55
A,2,5,13,667.13
A,2,5,14,465.92
A,2,5,15,595.92
A,2,5,16,757.81
A,2,5,17,555.22
A,2,5,18,574.78
A,2,5,19,764.76
A,2,5,20,471.36
A,2,5,21,647.54
A,2,5,22,576.51
A,2,5,23,462.10
A,2,5,24,605.89
A,2,5,25,564.42
A,2,5,26,530.55
A,2,5,27,490.22
A,2,5,28,557.99
A,2,5,29,588.66
A,2,5,30,486.15
A,2,5,31,581.61
A,2,5,32,550.00
A,2,5,33,501.50
A,2,5,34,565.01
A,2,5,35,578.79
A,2,5,36,460.68
A,2,5,37,659.03
A,2,5,38,634.14
A,2,5,39,539.35
A,2,5,40,493.12
A,2,5,41,577.48
A,2,5,42,439.02
A,2,5,43,524.15
A,2,5,44,579.84
A,2,5,45,575.49
A,2,5,46,468.91
A,2,5,47,560.25
A,2,5,48,539.33
A,2,5,49,565.04
A,2,5,50,347.44
A,2,5,51,432.36
A,2,5,52,438.75
A,2,5,53,404.80
A,2,5,54,560.49
A,2,5,55,594.71
A,2,5,56,587.28
A,2,5,57,569.15
A,2,5,58,543.12
A,2,5,59,531.26
A,2,5,60,587.99
A,2,5,61,558.49
A,2,5,62,467.07
A,2,5,63,549.58
A,2,5,64,541.94
A,2,5,65,429.88
A,2,5,66,443.35
A,2,5,67,443.45
A,2,5,68,390.03
A,2,5,69,494.59
A,2,5,70,456.38
A,2,5,71,328.90
A,2,5,72,463.49
A,2,5,73,602.23
A,2,5,74,467.97
A,2,5,75,437.46
A,2,5,76,558.63
A,2,5,77,367.24
A,2,5,78,380.68
A,2,5,79,466.55
A,2,5,80,454.32
A,2,5,81,486.40
A,2,5,82,447.39
A,2,5,83,285.59
A,2,5,84,534.00
A,2,5,85,542.97
A,2,5,86,384.67
A,2,5,87,546.51
A,2,5,88,374.31
A,2,5,89,598.42
A,2,5,90,548.57
A,2,5,91,334.49
A,2,5,92,413.61
A,2,5,93,466.59
A,2,5,94,541.79
A,2,5,95,517.66
A,2,5,96,430.80
A,2,5,97,464.72
A,2,5,98,472.34
A,2,5,99,447.50
A,2,6,0,539.32
A,2,6,1,609.36
A,2,6,2,687.45
A,2,6,3,664.90
A,2,6,4,603.76
A,2,6,5,595.88
A,2,6,6,510.56
A,2,6,7,653.36
A,2,6,8,672.30
A,2,6,9,659.07
A,2,6,10,647.82
A,2,6,11,636.82
A,2,6,12,710.54
A,2,6,13,610.04
A,2,6,14,461.73
A,2,6,15,514.70
A,2,6,16,619.96
A,2,6,17,518.49
A,2,6,18,577.54
A,2,6,19,533.56
A,2,6,20,595.48
A,2,6,21,437.29
A,2,6,22,580.85
A,2,6,23,585.12
A,2,6,24,526.04
A,2,6,25,556.90
A,2,6,26,466.90
A,2,6,27,564.66
A,2,6,28,588.10
A,2,6,29,515.98
A,2,6,30,458.42
A,2,6,31,590.76
A,2,6,32,593.33
A,2,6,33,663.88
A,2,6,34,523.67
A,2,6,35,577.88
A,2,6,36,618.07
A,2,6,37,446.72
A,2,6,38,452.87
A,2,6,39,509.15
A,2,6,40,408.77
A,2,6,41,783.12
A,2,6,42,425.47
A,2,6,43,426.58
A,2,6,44,529.81
A,2,6,45,459.29
A,2,6,46,644.97
A,2,6,47,459.76
A,2,6,48,449.55
A,2,6,49,491.78
A,2,6,50,593.53
A,2,6,51,388.71
A,2,6,52,459.99
A,2,6,53,453.46
A,2,6,54,580.34
A,2,6,55,566.87
A,2,6,56,563.46
A,2,6,57,502.52
A,2,6,58,439.55
A,2,6,59,429.79
A,2,6,60,492.98
A,2,6,61,505.10
A,2,6,62,600.05
A,2,6,63,476.36
A,2,6,64,553.67
A,2,6,65,574.20
A,2,6,66,426.27
A,2,6,67,483.08
A,2,6,68,386.53
A,2,6,69,524.30
A,2,6,70,370.75
A,2,6,71,483.84
A,2,6,72,505.06
A,2,6,73,559.73
A,2,6,74,388.55
A,2,6,75,491.06
A,2,6,76,353.30
A,2,6,77,438.71
A,2,6,78,579.81
A,2,6,79,462.48
A,2,6,80,306.82
A,2,6,81,370.41
A,2,6,82,486.71
A,2,6,83,429.31
A,2,6,84,456.03
A,2,6,85,549.34
A,2,6,86,410.19
A,2,6,87,420.69
A,2,6,88,570.31
A,2,6,89,367.05
A,2,6,90,449.42
A,2,6,91,465.55
A,2,6,92,479.55
A,2,6,93,367.12
A,2,6,94,446.11
A,2,6,95,425.26
A,2,6,96,497.24
A,2,6,97,467.96
A,2,6,98,465.49
A,2,6,99,655.18
A,2,7,0,665.64
A,2,7,1,774.06
A,2,7,2,734.85
A,2,7,3,604.96
A,2,7,4,660.53
A,2,7,5,689.31
A,2,7,6,498.65
A,2,7,7,681.15
A,2,7,8,468.40
A,2,7,9,604.59
A,2,7,10,545.32
A,2,7,11,610.31
A,2,7,12,670.71
A,2,7,13,674.18
A,2,7,14,699.01
A,2,7,15,737.23
A,2,7,16,647.96
A,2,7,17,611.19
A,2,7,18,760.47
A,2,7,19,490.52
A,2,7,20,606.59
A,2,7,21,520.58
A,2,7,22,551.27
A,2,7,23,500.97
A,2,7,24,734.07
A,2,7,25,537.28
A,2,7,26,602.18
A,2,7,27,495.35
A,2,7,28,555.31
A,2,7,29,476.12
A,2,7,30,608.10
A,2,7,31,603.98
A,2,7,32,537.61
A,2,7,33,424.80
A,2,7,34,479.86
A,2,7,35,652.73
A,2,7,36,564.35
A,2,7,37,496.17
A,2,7,38,501.43
A,2,7,39,503.07
A,2,7,40,475.13
A,2,7,41,515.46
A,2,7,42,544.54
A,2,7,43,483.57
A,2,7,44,620.33
A,2,7,45,552.87
A,2,7,46,526.30
A,2,7,47,608.05
A,2,7,48,556.57
A,2,7,49,543.95
A,2,7,50,615.46
A,2,7,51,492.26
A,2,7,52,573.12
A,2,7,53,453.97
A,2,7,54,457.91
A,2,7,55,484.01
A,2,7,56,685.62
A,2,7,57,439.03
A,2,7,58,484.00
A,2,7,59,507.23
A,2,7,60,515.95
A,2,7,61,429.19
A,2,7,62,487.43
A,2,7,63,492.64
A,2,7,64,535.63
A,2,7,65,433.82
A,2,7,66,651.55
A,2,7,67,506.59
A,2,7,68,537.18
A,2,7,69,500.49
A,2,7,70,511.45
A,2,7,71,535.33
A,2,7,72,469.84
A,2,7,73,427.18
A,2,7,74,525.86
A,2,7,75,399.01
A,2,7,76,436.57
A,2,7,77,356.03
A,2,7,78,573.31
A,2,7,79,518.02
A,2,7,80,481.67
A,2,7,81,479.53
A,2,7,82,480.12
A,2,7,83,400.06
A,2,7,84,473.79
A,2,7,85,453.88
A,2,7,86,449.76
A,2,7,87,536.30
A,2,7,88,429.19
A,2,7,89,511.51
A,2,7,90,352.51
A,2,7,91,358.00
A,2,7,92,481.96
A,2,7,93,556.25
A,2,7,94,349.18
A,2,7,95,583.15
A,2,7,96,494.55
A,2,7,97,423.90
A,2,7,98,473.51
A,2,7,99,426.34
A,2,8,0,623.14
A,2,8,1,638.68
A,2,8,2,674.44
A,2,8,3,749.30
A,2,8,4,652.75
A,2,8,5,578.13
A,2,8,6,714.92
A,2,8,7,583.23
A,2,8,8,704.40
A,2,8,9,743.07
A,2,8,10,571.38
A,2,8,11,612.79
A,2,8,12,590.35
A,2,8,13,566.13
A,2,8,14,601.43
A,2,8,15,595.63
A,2,8,16,569.62
A,2,8,17,594.80
A,2,8,18,464.97
A,2,8,19,583.94
A,2,8,20,663.17
A,2,8,21,628.42
A,2,8,22,488.97
A,2,8,23,433.04
A,2,8,24,700.53
A,2,8,25,684.61
A,2,8,26,513.09
A,2,8,27,593.87
A,2,8,28,548.53
A,2,8,29,472.12
A,2,8,30,404.90
A,2,8,31,602.59
A,2,8,32,553.18
A,2,8,33,723.68
A,2,8,34,585.94
A,2,8,35,369.69
A,2,8,36,420.62
A,2,8,37,487.54
A,2,8,38,574.62
A,2,8,39,509.00
A,2,8,40,548.61
A,2,8,41,575.31
A,2,8,42,572.95
A,2,8,43,478.97
A,2,8,44,405.87
A,2,8,45,546.90
A,2,8,46,567.73
A,2,8,47,493.44
A,2,8,48,515.07
A,2,8,49,570.13
A,2,8,50,449.14
A,2,8,51,543.41
A,2,8,52,447.69
A,2,8,53,511.00
A,2,8,54,482.39
A,2,8,55,456.10
A,2,8,56,506.29
A,2,8,57,552.19
A,2,8,58,622.85
A,2,8,59,387.16
A,2,8,60,605.03
A,2,8,61,508.75
A,2,8,62,540.33
A,2,8,63,491.78
A,2,8,64,447.08
A,2,8,65,506.57
A,2,8,66,597.60
A,2,8,67,589.22
A,2,8,68,536.56
A,2,8,69,373.08
A,2,8,70,398.75
A,2,8,71,519.74
A,2,8,72,483.96
A,2,8,73,425.31
A,2,8,74,435.64
A,2,8,75,432.40
A,2,8,76,571.57
A,2,8,77,442.88
A,2,8,78,474.53
A,2,8,79,562.69
A,2,8,80,620.62
A,2,8,81,534.25
A,2,8,82,415.70
A,2,8,83,359.78
A,2,8,84,315.34
A,2,8,85,469.22
A,2,8,86,418.78
A,2,8,87,447.90
A,2,8,88,478.15
A,2,8,89,543.78
A,2,8,90,423.99
A,2,8,91,364.97
A,2,8,92,484.44
A,2,8,93,444.16
A,2,8,94,399.85
A,2,8,95,531.82
A,2,8,96,518.17
A,2,8,97,272.37
A,2,8,98,320.34
A,2,8,99,507.62
A,2,9,0,673.74
A,2,9,1,684.27
A,2,9,2,720.81
A,2,9,3,709.18
A,2,9,4,646.36
A,2,9,5,641.08
A,2,9,6,651.84
A,2,9,7,522.50
A,2,9,8,721.50
A,2,9,9,692.24
A,2,9,10,603.96
A,2,9,11,626.20
A,2,9,12,747.78
A,2,9,13,656.29
A,2,9,14,564.14
A,2,9,15,686.42
A,2,9,16,540.69
A,2,9,17,566.77
A,2,9,18,675.91
A,2,9,19,648.28
A,2,9,20,721.32
A,2,9,21,635.74
A,2,9,22,374.38
A,2,9,23,550.81
A,2,9,24,591.25
A,2,9,25,450.08
A,2,9,26,517.30
A,2,9,27,586.99
A,2,9,28,621.99
A,2,9,29,451.98
A,2,9,30,498.80
A,2,9,31,506.36
A,2,9,32,637.33
A,2,9,33,628.79
A,2,9,34,558.10
A,2,9,35,579.91
A,2,9,36,562.78
A,2,9,37,542.83
A,2,9,38,585.60
A,2,9,39,532.95
A,2,9,40,476.18
A,2,9,41,598.29
A,2,9,42,570.08
A,2,9,43,484.13
A,2,9,44,551.07
A,2,9,45,493.77
A,2,9,46,516.91
A,2,9,47,464.79
A,2,9,48,486.20
A,2,9,49,405.06
A,2,9,50,538.03
A,2,9,51,505.17
A,2,9,52,494.61
A,2,9,53,554.49
A,2,9,54,530.32
A,2,9,55,582.84
A,2,9,56,390.87
A,2,9,57,402.17
A,2,9,58,542.36
A,2,9,59,423.54
A,2,9,60,464.11
A,2,9,61,576.17
A,2,9,62,478.63
A,2,9,63,545.42
A,2,9,64,370.42
A,2,9,65,412.81
A,2,9,66,443.72
A,2,9,67,553.48
A,2,9,68,364.51
A,2,9,69,545.72
A,2,9,70,401.61
A,2,9,71,488.18
A,2,9,72,378.17
A,2,9,73,435.86
A,2,9,74,425.02
A,2,9,75,512.46
A,2,9,76,503.39
A,2,9,77,376.96
A,2,9,78,397.75
A,2,9,79,387.63
A,2,9,80,656.03
A,2,9,81,510.53
A,2,9,82,473.27
A,2,9,83,379.71
A,2,9,84,476.35
A,2,9,85,544.13
A,2,9,86,438.50
A,2,9,87,461.51
A,2,9,88,470.43
A,2,9,89,538.27
A,2,9,90,438.67
A,2,9,91,432.57
A,2,9,92,350.81
A,2,9,93,476.98
A,2,9,94,417.30
A,2,9,95,373.15
A,2,9,96,362.60
A,2,9,97,513.71
A,2,9,98,379.56
A,2,9,99,459.48
A,2,10,0,758.62
A,2,10,1,526.04
A,2,10,2,546.44
A,2,10,3,652.56
A,2,10,4,773.65
A,2,10,5,703.66
A,2,10,6,649.03
A,2,10,7,501.06
A,2,10,8,626.66
A,2,10,9,663.61
A,2,10,10,563.97
A,2,10,11,536.13
A,2,10,12,602.09
A,2,10,13,596.94
A,2,10,14,753.25
A,2,10,15,627.57
A,2,10,16,757.66
A,2,10,17,608.06
A,2,10,18,546.56
A,2,10,19,611.36
A,2,10,20,581.82
A,2,10,21,528.94
A,2,10,22,429.38
A,2,10,23,542.58
A,2,10,24,511.81
A,2,10,25,547.76
A,2,10,26,562.55
A,2,10,27,585.56
A,2,10,28,574.86
A,2,10,29,642.84
A,2,10,30,441.42
A,2,10,31,460.37
A,2,10,32,497.38
A,2,10,33,447.04
A,2,10,34,428.97
A,2,10,35,540.91
A,2,10,36,617.38
A,2,10,37,487.04
A,2,10,38,501.44
A,2,10,39,378.35
A,2,10,40,545.03
A,2,10,41,456.71
A,2,10,42,540.07
A,2,10,43,525.47
A,2,10,44,561.91
A,2,10,45,613.17
A,2,10,46,476.47
A,2,10,47,505.68
A,2,10,48,478.89
A,2,10,49,531.90
A,2,10,50,477.05
A,2,10,51,491.15
A,2,10,52,569.52
A,2,10,53,548.68
A,2,10,54,444.43
A,2,10,55,585.24
A,2,10,56,386.17
A,2,10,57,451.71
A,2,10,58,411.39
A,2,10,59,497.05
A,2,10,60,570.19
A,2,10,61,602.32
A,2,10,62,621.53
A,2,10,63,412.22
A,2,10,64,589.61
A,2,10,65,536.28
A,2,10,66,519.05
A,2,10,67,493.90
A,2,10,68,464.27
A,2,10,69,518.12
A,2,10,70,566.95
A,2,10,71,490.27
A,2,10,72,492.10
A,2,10,73,465.23
A,2,10,74,596.98
A,2,10,75,582.44
A,2,10,76,443.73
A,2,10,77,606.83
A,2,10,78,508.75
A,2,10,79,610.02
A,2,10,80,371.73
A,2,10,81,522.09
A,2,10,82,408.72
A,2,10,83,483.99
A,2,10,84,431.57
A,2,10,85,479.11
A,2,10,86,375.42
A,2,10,87,428.67
A,2,10,88,605.70
A,2,10,89,451.09
A,2,10,90,402.54
A,2,10,91,388.20
A,2,10,92,468.94
A,2,10,93,516.44
A,2,10,94,340.97
A,2,10,95,302.14
A,2,10,96,387.54
A,2,10,97,470.50
A,2,10,98,540.49
A,2,10,99,635.41
A,2,11,0,678.84
A,2,11,1,572.61
A,2,11,2,527.03
A,2,11,3,639.04
A,2,11,4,730.01
A,2,11,5,680.59
A,2,11,6,560.62
A,2,11,7,545.18
A,2,11,8,651.88
A,2,11,9,553.57
A,2,11,10,502.09
A,2,11,11,706.56
A,2,11,12,544.41
A,2,11,13,544.46
A,2,11,14,662.80
A,2,11,15,523.94
A,2,11,16,667.22
A,2,11,17,590.65
A,2,11,18,579.19
A,2,11,19,563.47
A,2,11,20,524.63
A,2,11,21,514.79
A,2,11,22,558.46
A,2,11,23,658.30
A,2,11,24,453.54
A,2,11,25,567.25
A,2,11,26,535.70
A,2,11,27,434.64
A,2,11,28,525.31
A,2,11,29,496.41
A,2,11,30,465.13
A,2,11,31,636.90
A,2,11,32,449.68
A,2,11,33,399.61
A,2,11,34,525.88
A,2,11,35,446.48
A,2,11,36,457.86
A,2,11,37,572.00
A,2,11,38,496.79
A,2,11,39,505.59
A,2,11,40,552.76
A,2,11,41,632.90
A,2,11,42,622.58
A,2,11,43,479.33
A,2,11,44,492.41
A,2,11,45,587.90
A,2,11,46,528.04
A,2,11,47,568.81
A,2,11,48,444.52
A,2,11,49,429.50
A,2,11,50,564.66
A,2,11,51,435.99
A,2,11,52,593.49
A,2,11,53,503.60
A,2,11,54,461.03
A,2,11,55,407.67
A,2,11,56,407.65
A,2,11,57,516.73
A,2,11,58,480.89
A,2,11,59,591.80
A,2,11,60,421.68
A,2,11,61,505.73
A,2,11,62,469.82
A,2,11,63,410.04
A,2,11,64,546.41
A,2,11,65,447.15
A,2,11,66,561.87
A,2,11,67,473.29
A,2,11,68,592.52
A,2,11,69,529.88
A,2,11,70,467.01
A,2,11,71,403.32
A,2,11,72,492.00
A,2,11,73,452.48
A,2,11,74,495.45
A,2,11,75,539.18
A,2,11,76,455.91
A,2,11,77,459.32
A,2,11,78,515.57
A,2,11,79,523.06
A,2,11,80,412.97
A,2,11,81,504.39
A,2,11,82,396.09
A,2,11,83,483.59
A,2,11,84,360.45
A,2,11,85,475.26
A,2,11,86,384.31
A,2,11,87,459.01
A,2,11,88,475.54
A,2,11,89,435.14
A,2,11,90,485.50
A,2,11,91,399.04
A,2,11,92,520.01
A,2,11,93,466.42
A,2,11,94,419.93
A,2,11,95,613.10
A,2,11,96,393.83
A,2,11,97,632.59
A,2,11,98,452.62
A,2,11,99,344.97
